"id_curso";"nome";"id_coordenador";"coordenador";"situacao_curso";"nivel_ensino";"grau_academico";"modalidade_educacao";"area_conhecimento";"tipo_oferta";"municipio";"campus";"id_unidade_responsavel";"programa";"website";"portaria";"conceito"
"9291230";"Avaliação psicológica da personalidade";"";"";"ATIVO";"LATO SENSU";"";"Presencial";"";"";"NATAL";"";"143";"DEPARTAMENTO DE PSICOLOGIA";"";"";""
"6633740";"CURSO DE APERFEIÇOAMENTO EM ENDOCRINOLOGIA PEDIÁTRICA";"";"";"ATIVO";"LATO SENSU";"";"Presencial";"";"";"NATAL";"";"193";"DEPARTAMENTO DE PEDIATRIA";"";"";""
"4711440";"CURSO DE  ESPECIALIZAÇÃO EM ADMINISTRAÇÃO PÚBLICA";"";"";"ATIVO";"LATO SENSU";"";"Presencial";"";"";"NATAL";"";"3202";"FUNPEC/PPGAD";"";"";""
"3161570";"CURSO DE ESPECIALIZAÇÃO EM ANÁLISES CLÍNICAS";"";"";"ATIVO";"LATO SENSU";"";"Presencial";"";"";"NATAL";"";"117";"DEPARTAMENTO DE ANÁLISES CLÍNICAS E TOXICOLÓGICAS";"";"";""
"2527490";"CURSO DE ESPECIALIZAÇÃO EM AUDITORIA E CONTROLE INTERNO";"";"";"ATIVO";"LATO SENSU";"";"Presencial";"";"";"NATAL";"";"443";"CENTRO DE CIÊNCIAS SOCIAIS APLICADAS";"";"";""
"1080250";"CURSO DE ESPECIALIZAÇÃO EM AUDITORIA E PERÍCIA";"";"";"ATIVO";"LATO SENSU";"";"Presencial";"";"";"CAICÓ";"";"2856";"CERES - SECRETARIA DO DCEA";"";"";""
"3179270";"CURSO DE ESPECIALIZAÇÃO EM CIÊNCIAS MORFOLÓGICAS - INTERDISCIPLINARIDADE NO ENSI";"";"";"ATIVO";"LATO SENSU";"";"Presencial";"";"";"NATAL";"";"177";"DEPARTAMENTO DE MORFOLOGIA";"";"";""
"8234990";"CURSO DE ESPECIALIZAÇÃO EM CONTROLADORIA PARA GESTÃO PÚBLICA E TERCEIRO SETOR";"";"";"ATIVO";"LATO SENSU";"";"Semi-Presencial";"";"";"NATAL";"";"163";"DEPARTAMENTO DE CIÊNCIAS CONTÁBEIS - DCC";"";"";""
"1085930";"CURSO DE ESPECIALIZAÇÃO EM DIREITO CIVIL E PROCESSUAL CIVIL";"2258517";"THIAGO OLIVEIRA MOREIRA";"ATIVO";"LATO SENSU";"";"Presencial";"";"";"NATAL";"";"404";"PROGRAMA DE PÓS-GRADUAÇÃO EM DIREITO";"";"";""
"7008210";"CURSO DE ESPECIALIZAÇÃO EM EDUCAÇÃO E SUSTENTABILIDADE AMBIENTAL";"";"";"ATIVO";"LATO SENSU";"";"Presencial";"";"";"NATAL";"";"159";"DEPARTAMENTO DE EDUCAÇÃO";"";"";""
"6165401";"CURSO DE ESPECIALIZAÇÃO EM EDUCAÇÃO E SUSTENTABILIDADE AMBIENTAL";"";"";"ATIVO";"LATO SENSU";"";"Presencial";"";"";"NATAL";"";"159";"DEPARTAMENTO DE EDUCAÇÃO";"";"";""
"7612820";"Curso de Especialização em Elaboração e Avaliação de Projetos Turísticos";"";"";"ATIVO";"LATO SENSU";"";"Presencial";"";"";"NATAL";"";"4652";"PÓS-GRADUAÇÃO EM TURISMO";"";"";""
"1308470";"CURSO DE ESPECIALIZAÇÃO EM ENDODONTIA";"";"";"ATIVO";"LATO SENSU";"";"Presencial";"";"";"NATAL";"";"195";"DEPARTAMENTO DE ODONTOLOGIA";"";"";""
"7634140";"CURSO DE ESPECIALIZAÇÃO EM ENSINO DE EDUCAÇÃO FÍSICA";"";"";"ATIVO";"LATO SENSU";"";"Presencial";"";"";"NATAL";"";"199";"DEPARTAMENTO DE EDUCAÇÃO FÍSICA";"";"";""
"906290";"CURSO DE ESPECIALIZAÇÃO EM EPIDEMIOLOGIA PARA SERVIÇOS HOSPITALARES";"";"";"ATIVO";"LATO SENSU";"";"Presencial";"";"";"NATAL";"";"1609";"NESC - NÚCLEO DE ESTUDOS EM SAÚDE COLETIVA (ADM. CENTRAL)";"";"";""
"5622610";"CURSO DE ESPECIALIZAÇÃO EM FINANÇAS E CONTROLADORIA PARA NEGÓCIOS EMPRESARIAIS";"";"";"ATIVO";"LATO SENSU";"";"Presencial";"";"";"NATAL";"";"163";"DEPARTAMENTO DE CIÊNCIAS CONTÁBEIS - DCC";"";"";""
"1152410";"CURSO DE ESPECIALIZAÇÃO EM GEOPROCESSAMENTO E CARTOGRAFIA DIGITAL";"";"";"ATIVO";"LATO SENSU";"";"Presencial";"";"";"NATAL";"";"142";"DEPARTAMENTO DE GEOGRAFIA/CCHLA";"";"";""
"2665390";"CURSO DE ESPECIALIZAÇÃO EM GEOPROCESSAMENTO E CARTOGRAFIA DIGITAL";"";"";"ATIVO";"LATO SENSU";"";"Presencial";"";"";"NATAL";"";"142";"DEPARTAMENTO DE GEOGRAFIA/CCHLA";"";"";""
"5505370";"CURSO DE ESPECIALIZAÇÃO EM GESTÃO DA QUALIDADE EM SERVIÇOS DE SAÚDE";"";"";"ATIVO";"LATO SENSU";"";"Presencial";"";"";"NATAL";"";"115";"DEPARTAMENTO DE ENGENHARIA PRODUÇÃO";"";"";""
"1384330";"CURSO DE ESPECIALIZAÇÃO EM GESTÃO DE HOSPITAIS PÚBLICOS";"";"";"ATIVO";"LATO SENSU";"";"Presencial";"";"";"NATAL";"";"441";"CENTRO DE CIÊNCIAS DA SAÚDE";"";"";""
"899332";"CURSO DE ESPECIALIZAÇÃO EM GESTÃO DE HOSPITAIS PÚBLICOS";"";"";"ATIVO";"LATO SENSU";"";"Presencial";"";"";"NATAL";"";"202";"DEPARTAMENTO DE SAÚDE COLETIVA";"";"";""
"2558520";"Curso de Especialização em Gestão de Qualidade de Vida e Saúde no Trabalho";"";"";"ATIVO";"LATO SENSU";"";"Presencial";"";"";"NATAL";"";"1618";"COORD. DO PROGRAMA DE POS-GRAD. EM ADMINISTRACAO";"";"";""
"908980";"CURSO DE ESPECIALIZAÇÃO EM GESTÃO ESTRATÉGICA EM MARKETING";"";"";"ATIVO";"LATO SENSU";"";"Presencial";"";"";"NATAL";"";"161";"DEPARTAMENTO DE CIÊNCIAS ADMINISTRATIVAS - DEPAD";"";"";""
"9299260";"CURSO DE ESPECIALIZAÇÃO EM LÍNGUA PORTUGUESA E ENSINO - CELPE";"";"";"ATIVO";"LATO SENSU";"";"Presencial";"";"";"NATAL";"";"138";"DEPARTAMENTO DE LETRAS";"";"";""
"2669130";"CURSO DE ESPECIALIZAÇÃO EM LÍNGUA PORTUGUESA: LEITURA, PRODUÇÃO DE TEXTOS E GRAM";"";"";"ATIVO";"LATO SENSU";"";"Presencial";"";"";"NATAL";"";"138";"DEPARTAMENTO DE LETRAS";"";"";""
"5405880";"CURSO DE ESPECIALIZAÇÃO EM MATEMÁTICA DO ENSINO FUNDAMENTAL";"";"";"ATIVO";"LATO SENSU";"";"Presencial";"";"";"NATAL";"";"120";"DEPARTAMENTO DE MATEMÁTICA";"";"";""
"905860";"CURSO DE ESPECIALIZAÇÃO EM PSICOPEDAGOGIA";"";"";"ATIVO";"LATO SENSU";"";"Presencial";"";"";"NATAL";"";"143";"DEPARTAMENTO DE PSICOLOGIA";"";"";""
"912010";"CURSO DE ESPECIALIZAÇÃO EM VIGILÂNCIA EPIDEMIOLÓGICA DAS DOENÇAS TRANSMISSÍVEIS";"5753854";"JONAS SAMI ALBUQUERQUE DE OLIVEIRA";"ATIVO";"LATO SENSU";"";"Presencial";"";"";"NATAL";"";"412";"PROGRAMA DE PÓS-GRADUAÇÃO EM ENFERMAGEM";"";"";""
"1101030";"CURSO ESPECIALIZAÇÃO EM SAÚDE COLETIVA";"";"";"ATIVO";"LATO SENSU";"";"Presencial";"";"";"NATAL";"";"1591";"PROG. POS-GRADUACAO EM ODONTOLOGIA SOCIAL";"";"";""
"2894320";"DESENVOLVIMENTO GERENCIAL DOS SERVIDORES DO TRIBUNAL DE CONTAS DO ESTADO DO RN";"";"";"ATIVO";"LATO SENSU";"";"Presencial";"";"";"NATAL";"";"3202";"FUNPEC/PPGAD";"";"";""
"315765";"DOUTORADO EM ADMINISTRAÇÃO";"5762091";"ISRAEL JOSÉ DOS SANTOS FELIPE";"ATIVO";"DOUTORADO";"";"Presencial";"Ciências Sociais Aplicadas";"Regular";"NATAL";"";"74";"PROGRAMA DE PÓS-GRADUAÇÃO EM ADMINISTRAÇÃO";"";"Portaria MEC nº 609, de 14/03/2019. DOU nº 52, de 18/03/2019. Seção 1. Página 63";"5"
"108227148";"DOUTORADO EM ANTROPOLOGIA SOCIAL";"5754321";"RITA DE CASSIA MARIA NEVES";"ATIVO";"DOUTORADO";"";"Presencial";"Ciências Humanas";"Regular";"NATAL";"";"1442";"PROGRAMA DE PÓS-GRADUAÇÃO EM ANTROPOLOGIA SOCIAL";"";"Portaria MEC nº 609, de 14/03/2019. DOU nº 52, de 18/03/2019. Seção 1. Página 63";"5"
"315767";"DOUTORADO EM ARQUITETURA E URBANISMO";"22822";"RUBENILSON BRASAO TEIXEIRA";"ATIVO";"DOUTORADO";"";"Presencial";"Outra";"Regular";"NATAL";"";"102";"PROGRAMA DE PÓS-GRADUAÇÃO EM ARQUITETURA E URBANISMO";"";"Portaria MEC nº 609, de 14/03/2019. DOU nº 52, de 18/03/2019. Seção 1. Página 63";"5"
"177608894";"DOUTORADO EM ARTES CÊNICAS";"";"";"ATIVO";"DOUTORADO";"";"Presencial";"Lingüística, Letras e Artes";"Regular";"NATAL";"";"4073";"PROGRAMA DE PÓS-GRADUAÇÃO EM ARTES CÊNICAS";"";"";""
"164535795";"DOUTORADO EM ASSISTÊNCIA FARMACÊUTICA EM REDE";"5756373";"RAND RANDALL MARTINS";"ATIVO";"DOUTORADO";"";"Presencial";"Ciências da Saúde";"Regular";"NATAL";"";"31835";"PROGRAMA DE PÓS GRADUAÇÃO EM ASSISTÊNCIA FARMACÊUTICA EM REDE";"";"Portaria MEC nº 486, de 14/05/2020. DOU nº 93, de 18/05/2020. Seção 1. Página 409";"4"
"115845494";"DOUTORADO EM BIOINFORMÁTICA";"5756421";"RODRIGO JULIANI SIQUEIRA DALMOLIN";"ATIVO";"DOUTORADO";"";"Presencial";"Ciências Biológicas";"Regular";"NATAL";"";"9814";"PROGRAMA DE PÓS-GRADUAÇÃO EM BIOINFORMÁTICA";"";"Portaria MEC nº 609, de 14/03/2019. DOU nº 52, de 18/03/2019. Seção 1. Página 63";"5"
"172254760";"DOUTORADO EM BIOLOGIA ESTRUTURAL E FUNCIONAL";"5752290";"JUDNEY CLEY CAVALCANTE";"ATIVO";"DOUTORADO";"";"Presencial";"Ciências Biológicas";"Regular";"NATAL";"";"7805";"PROGRAMA DE PÓS-GRADUAÇÃO EM BIOLOGIA ESTRUTURAL E FUNCIONAL";"";"";""
"178355478";"DOUTORADO EM BIOLOGIA PARASITÁRIA";"5761473";"CARLOS RAMON DO NASCIMENTO BRITO";"ATIVO";"DOUTORADO";"";"Presencial";"Ciências Biológicas";"Regular";"NATAL";"";"8085";"PROGRAMA DE PÓS-GRADUAÇÃO EM BIOLOGIA PARASITÁRIA";"";"";""
"9285380";"DOUTORADO EM BIOQUÍMICA E BIOLOGIA MOLECULAR";"25470";"KATIA CASTANHO SCORTECCI";"ATIVO";"DOUTORADO";"";"Presencial";"Ciências Biológicas";"Regular";"NATAL";"";"31300";"PROGRAMA DE PÓS-GRADUAÇÃO EM BIOQUÍMICA E BIOLOGIA MOLECULAR";"";"Portaria MEC nº 609, de 14/03/2019. DOU nº 52, de 18/03/2019. Seção 1. Página 63";"4"
"315788";"DOUTORADO EM BIOTECNOLOGIA";"5758859";"FRANCISCO CANINDE DE SOUSA JUNIOR";"ATIVO";"DOUTORADO";"";"Presencial";"Outra";"Regular";"NATAL";"";"3014";"PROGRAMA DE PÓS-GRADUAÇÃO EM BIOTECNOLOGIA";"";"Portaria MEC nº 609, de 14/03/2019. DOU nº 52, de 18/03/2019. Seção 1. Página 63";"6"
"315743";"DOUTORADO EM CIÊNCIA DA COMPUTAÇÃO";"5758443";"EVERTON RANIELLY DE SOUSA CAVALCANTE";"ATIVO";"DOUTORADO";"";"Presencial";"Ciências Exatas e da Terra";"Regular";"NATAL";"";"73";"PROGRAMA DE PÓS-GRADUAÇÃO EM SISTEMAS E COMPUTAÇÃO";"";"Portaria MEC nº 609, de 14/03/2019. DOU nº 52, de 18/03/2019. Seção 1. Página 63";"5"
"177609429";"DOUTORADO EM CIÊNCIA DA INFORMAÇÃO";"5759412";"GABRIELLE FRANCINNE DE SOUZA CARVALHO TANUS";"ATIVO";"DOUTORADO";"";"Presencial";"Ciências Sociais Aplicadas";"Regular";"NATAL";"";"32531";"PROGRAMA DE PÓS-GRADUAÇÃO EM CIÊNCIA DA INFORMAÇÃO";"";"Portaria MEC nº 213, de 20/03/2025. DOU nº 55, de 21/03/2025. Seção 1. Página 24";"4"
"315771";"DOUTORADO EM CIÊNCIA E ENGENHARIA DE MATERIAIS";"5754405";"MAURICIO ROBERTO BOMIO DELMONTE";"ATIVO";"DOUTORADO";"";"Presencial";"Engenharias";"Regular";"NATAL";"";"68";"PROGRAMA DE PÓS-GRADUAÇÃO EM CIÊNCIA E ENGENHARIA DE MATERIAIS";"";"Portaria MEC nº 609, de 14/03/2019. DOU nº 52, de 18/03/2019. Seção 1. Página 63";"7"
"315787";"DOUTORADO EM CIÊNCIA E ENGENHARIA DE PETRÓLEO";"5752298";"JENNYS LOURDES MENESES BARILLAS";"ATIVO";"DOUTORADO";"";"Presencial";"Engenharias";"Regular";"NATAL";"";"2598";"PROGRAMA DE PÓS-GRADUAÇÃO EM CIÊNCIA E ENGENHARIA DE PETRÓLEO";"";"Portaria MEC nº 609, de 14/03/2019. DOU nº 52, de 18/03/2019. Seção 1. Página 63";"3"
"17975012";"DOUTORADO EM CIÊNCIAS CLIMÁTICAS";"5753001";"CLAUDIO MOISES SANTOS E SILVA";"ATIVO";"DOUTORADO";"";"Presencial";"Ciências Exatas e da Terra";"Regular";"NATAL";"";"5211";"PROGRAMA DE PÓS-GRADUAÇÃO EM CIÊNCIAS CLIMÁTICAS";"";"Portaria MEC nº 609, de 14/03/2019. DOU nº 52, de 18/03/2019. Seção 1. Página 63";"4"
"315774";"DOUTORADO EM CIÊNCIAS DA SAÚDE";"5752711";"RODRIGO PEGADO DE ABREU FREITAS";"ATIVO";"DOUTORADO";"";"Presencial";"Ciências da Saúde";"Regular";"NATAL";"";"66";"PROGRAMA DE PÓS-GRADUAÇÃO EM CIÊNCIAS DA SAÚDE";"";"Portaria MEC nº 609, de 14/03/2019. DOU nº 52, de 18/03/2019. Seção 1. Página 63";"6"
"110710810";"DOUTORADO EM CIÊNCIAS FARMACÊUTICAS";"5757897";"MARCELO DE SOUSA DA SILVA";"ATIVO";"DOUTORADO";"";"Presencial";"Ciências da Saúde";"Regular";"NATAL";"";"366";"PROGRAMA DE PÓS-GRADUAÇÃO EM CIÊNCIAS FARMACÊUTICAS";"";"Portaria MEC nº 609, de 14/03/2019. DOU nº 52, de 18/03/2019. Seção 1. Página 63";"4"
"168173029";"DOUTORADO EM CIÊNCIAS FISIOLÓGICAS";"5758581";"JANINE INEZ ROSSATO";"ATIVO";"DOUTORADO";"";"Presencial";"Ciências Biológicas";"Regular";"NATAL";"";"32254";"PROGRAMA DE PÓS-GRADUAÇÃO MULTICÊNTRICO EM CIÊNCIAS FISIOLÓGICAS (CCS/FACISA)";"";"";""
"130260440";"DOUTORADO EM CIÊNCIAS ODONTOLÓGICAS";"25595";"ADRIANA DA FONTE PORTO CARREIRO";"ATIVO";"DOUTORADO";"";"Presencial";"Ciências da Saúde";"Regular";"NATAL";"";"11354";"PROGRAMA DE PÓS-GRADUAÇÃO EM CIÊNCIAS ODONTOLÓGICAS";"";"Portaria MEC nº 609, de 14/03/2019. DOU nº 52, de 18/03/2019. Seção 1. Página 63";"5"
"315777";"DOUTORADO EM CIÊNCIAS SOCIAIS";"51275";"GABRIEL EDUARDO VITULLO";"ATIVO";"DOUTORADO";"";"Presencial";"Ciências Humanas";"Regular";"NATAL";"";"360";"PROGRAMA DE PÓS-GRADUAÇÃO EM CIÊNCIAS SOCIAIS";"";"Portaria MEC nº 543, de 15/06/2020. DOU nº 114, de 17/06/2020. Seção 1. Página 60";"4"
"132958656";"DOUTORADO EM DEMOGRAFIA";"5756274";"LUCIANA CONCEICAO DE LIMA";"ATIVO";"DOUTORADO";"";"Presencial";"Ciências Exatas e da Terra";"Regular";"NATAL";"";"5570";"PROGRAMA DE PÓS-GRADUAÇÃO EM DEMOGRAFIA";"";"Portaria MEC nº 486, de 14/05/2020. DOU nº 93, de 18/05/2020. Seção 1, Página 409";"5"
"9300591";"DOUTORADO EM DESENVOLVIMENTO E INOVAÇÃO TECNOLÓGICA EM MEDICAMENTOS";"25847";"CICERO FLAVIO SOARES ARAGAO";"ATIVO";"DOUTORADO";"";"Presencial";"Ciências da Saúde";"Semestral";"NATAL";"";"4847";"PROGRAMA DE PÓS-GRADUAÇÃO EM DESENVOLVIMENTO E INOVAÇÃO TECNOLÓGICA EM MEDICAMENTOS";"";"Portaria MEC nº 609, de 14/03/2019. DOU nº 52, de 18/03/2019. Seção 1. Página 63";"4"
"19018260";"DOUTORADO EM DESENVOLVIMENTO E MEIO AMBIENTE";"5752164";"VIVIANE SOUZA DO AMARAL";"ATIVO";"DOUTORADO";"";"Presencial";"Ciências Agrárias";"Regular";"NATAL";"";"5237";"PROGRAMA DE PÓS-GRADUAÇÃO EM DESENVOLVIMENTO E MEIO AMBIENTE - PRODEMA";"";"Portaria MEC nº 609, de 14/03/2019. DOU nº 52, de 18/03/2019. Seção 1. Página 63";"5"
"9300592";"DOUTORADO EM ECOLOGIA";"5754261";"RENATA SANTORO DE SOUSA LIMA";"ATIVO";"DOUTORADO";"";"Presencial";"Ciências Biológicas";"Regular";"NATAL";"";"4846";"PROGRAMA DE PÓS-GRADUAÇÃO EM ECOLOGIA";"";"Portaria MEC nº 609, de 14/03/2019. DOU nº 52, de 18/03/2019. Seção 1. Página 63";"7"
"170068950";"DOUTORADO EM ECONOMIA";"5758613";"CASSIANO JOSE BEZERRA MARQUES TROVAO";"ATIVO";"DOUTORADO";"";"Presencial";"Ciências Sociais Aplicadas";"Regular";"NATAL";"";"434";"PROGRAMA DE PÓS-GRADUAÇÃO EM ECONOMIA";"";"";""
"315746";"DOUTORADO EM EDUCAÇÃO";"26322";"ERIKA DOS REIS GUSMAO ANDRADE";"ATIVO";"DOUTORADO";"";"Presencial";"Ciências Sociais Aplicadas";"Regular";"NATAL";"";"363";"PROGRAMA DE PÓS-GRADUAÇÃO EM EDUCAÇÃO";"";"Portaria MEC nº 609, de 14/03/2019. DOU nº 52, de 18/03/2019. Seção 1. Página 63";"5"
"170670143";"DOUTORADO EM EDUCAÇÃO FISICA";"5753094";"Allyson Carvalho de Araújo";"ATIVO";"DOUTORADO";"";"Presencial";"Ciências Biológicas";"Regular";"NATAL";"";"5591";"PROGRAMA DE PÓS-GRADUAÇÃO EM EDUCAÇÃO FÍSICA";"";"";""
"50903134";"DOUTORADO EM ENFERMAGEM NA ATENÇÃO À SAÚDE";"5753854";"JONAS SAMI ALBUQUERQUE DE OLIVEIRA";"ATIVO";"DOUTORADO";"";"Presencial";"Ciências da Saúde";"Regular";"NATAL";"";"412";"PROGRAMA DE PÓS-GRADUAÇÃO EM ENFERMAGEM";"";"Portaria MEC nº 609, de 14/03/2019. DOU nº 52, de 18/03/2019. Seção 1. Página 63";"5"
"178227870";"DOUTORADO EM ENGENHARIA CIVIL E AMBIENTAL";"5753343";"VANESSA BECKER";"ATIVO";"DOUTORADO";"";"Presencial";"Engenharias";"Regular";"NATAL";"";"31338";"PROGRAMA DE PÓS-GRADUAÇÃO EM ENGENHARIA CIVIL E AMBIENTAL";"";"Portaria MEC nº 214, de 20/03/2025. DOU nº 55, de 21/03/2025. Seção 1. Página 28";"4"
"315750";"DOUTORADO EM ENGENHARIA ELÉTRICA E DE COMPUTAÇÃO";"5753096";"ANTONIO LUIZ PEREIRA DE SIQUEIRA CAMPOS";"ATIVO";"DOUTORADO";"";"Presencial";"Engenharias";"Regular";"NATAL";"";"103";"PROGRAMA DE PÓS-GRADUAÇÃO EM ENGENHARIA ELÉTRICA E DE COMPUTAÇÃO";"";"Portaria MEC nº 609, de 14/03/2019. DOU nº 52, de 18/03/2019. Seção 1. Página 63";"5"
"315752";"DOUTORADO EM ENGENHARIA MECÂNICA";"5757845";"FABIO JOSE PINHEIRO SOUSA";"ATIVO";"DOUTORADO";"";"Presencial";"Engenharias";"Regular";"NATAL";"";"104";"PROGRAMA DE PÓS-GRADUAÇÃO EM ENGENHARIA MECÂNICA";"";"Portaria MEC nº 214, de 20/03/2025. DOU nº 55, de 21/03/2025. Seção 1. Página 28";"4"
"315754";"DOUTORADO EM ENGENHARIA QUÍMICA";"";"";"ATIVO";"DOUTORADO";"";"Presencial";"Engenharias";"Regular";"NATAL";"";"106";"PROGRAMA DE PÓS-GRADUAÇÃO EM ENGENHARIA QUÍMICA";"";"Portaria MEC nº 609, de 14/03/2019. DOU nº 52, de 18/03/2019. Seção 1. Página 63";"5"
"108847150";"DOUTORADO EM ENSINO DE CIÊNCIAS E MATEMÁTICA";"2288465";"MARCIA GORETTE LIMA DA SILVA";"ATIVO";"DOUTORADO";"";"Presencial";"Ciências Exatas e da Terra";"Regular";"NATAL";"";"9111";"PROGRAMA DE PÓS-GRADUAÇÃO EM ENSINO DE CIÊNCIAS E MATEMÁTICA";"";"Portaria MEC nº 609, de 14/03/2019. DOU nº 52, de 18/03/2019. Seção 1. Página 63";"4"
"315758";"DOUTORADO EM ESTUDOS DA LINGUAGEM";"5757890";"ORISON MARDEN BANDEIRA DE MELO JUNIOR";"ATIVO";"DOUTORADO";"";"Presencial";"Lingüística, Letras e Artes";"Regular";"NATAL";"";"65";"PROGRAMA DE PÓS-GRADUAÇÃO EM ESTUDOS DA LINGUAGEM";"";"Portaria MEC nº 609, de 14/03/2019. DOU nº 52, de 18/03/2019. Seção 1. Página 63";"4"
"115789633";"DOUTORADO EM ESTUDOS DA MÍDIA";"5752663";"JUCIANO DE SOUSA LACERDA";"ATIVO";"DOUTORADO";"";"Presencial";"Ciências Sociais Aplicadas";"Regular";"NATAL";"";"4893";"PROGRAMA DE PÓS-GRADUAÇÃO EM ESTUDOS DA MÍDIA";"";"Portaria MEC nº 609, de 14/03/2019. DOU nº 52, de 18/03/2019. Seção 1. Página 63";"4"
"132958781";"DOUTORADO EM ESTUDOS URBANOS E REGIONAIS";"5755561";"ZORAIDE SOUZA PESSOA";"ATIVO";"DOUTORADO";"";"Presencial";"Ciências Humanas";"Regular";"NATAL";"";"5254";"PROGRAMA DE PÓS-GRADUAÇÃO EM ESTUDOS URBANOS E REGIONAIS";"";"Portaria MEC nº 486, de 14/05/2020. DOU nº 93, de 18/05/2020. Seção 1, Página 409";"4"
"115789618";"DOUTORADO EM FILOSOFIA";"5753519";"SERGIO LUIS RIZZO DELA SAVIA";"ATIVO";"DOUTORADO";"";"Presencial";"Ciências Humanas";"Regular";"NATAL";"";"364";"PROGRAMA DE PÓS-GRADUAÇÃO EM FILOSOFIA";"";"Portaria MEC nº 609, de 14/03/2019. DOU nº 52, de 18/03/2019. Seção 1. Página 63";"5"
"315728";"DOUTORADO EM FÍSICA";"5753880";"JOAO MEDEIROS DE ARAUJO";"ATIVO";"DOUTORADO";"";"Presencial";"Ciências Exatas e da Terra";"Regular";"NATAL";"";"388";"PROGRAMA DE PÓS-GRADUAÇÃO EM FÍSICA";"";"Portaria MEC nº 609, de 14/03/2019. DOU nº 52, de 18/03/2019. Seção 1. Página 63";"5"
"95726200";"DOUTORADO EM FISIOTERAPIA";"5753636";"SILVANA ALVES PEREIRA";"ATIVO";"DOUTORADO";"";"Presencial";"Ciências da Saúde";"Regular";"NATAL";"";"4072";"PROGRAMA DE PÓS-GRADUAÇÃO EM FISIOTERAPIA";"";"Portaria MEC nº 609, de 14/03/2019. DOU nº 52, de 18/03/2019. Seção 1. Página 63";"5"
"171468995";"DOUTORADO EM FONOAUDIOLOGIA";"5752739";"JOSELI SOARES BRAZOROTTO";"ATIVO";"DOUTORADO";"";"Presencial";"Ciências da Saúde";"Regular";"NATAL";"";"10490";"PROGRAMA DE PÓS-GRADUAÇÃO EM FONOAUDIOLOGIA";"";"";""
"315763";"DOUTORADO EM GEODINÂMICA E GEOFÍSICA";"21727";"ZORANO SERGIO DE SOUZA";"ATIVO";"DOUTORADO";"";"Presencial";"Outra";"Regular";"NATAL";"";"325";"PROGRAMA DE PÓS-GRADUAÇÃO EM GEODINÂMICA E GEOFÍSICA";"";"Portaria MEC nº 609, de 14/03/2019. DOU nº 52, de 18/03/2019. Seção 1. Página 63";"5"
"178227782";"DOUTORADO EM GEOGRAFIA";"5758463";"Pablo Sebastian Moreira Fernandez";"ATIVO";"DOUTORADO";"";"Presencial";"Ciências Humanas";"Regular";"CAICÓ";"";"9110";"PROGRAMA DE PÓS-GRADUAÇÃO EM GEOGRAFIA - GEOPROF - CERES";"";"Portaria MEC nº 214, de 20/03/2025. DOU nº 55, de 21/03/2025. Seção 1. Página 28";"4"
"95953799";"DOUTORADO EM GEOGRAFIA";"5752271";"FRANCISCO FRANSUALDO DE AZEVEDO";"ATIVO";"DOUTORADO";"";"Presencial";"Ciências Humanas";"Regular";"NATAL";"";"315";"PROGRAMA DE PÓS-GRADUAÇÃO EM GEOGRAFIA";"";"Portaria MEC n.º 609, de 14/03/2019. Publicada no DOU n.º 52, de 18/03/2019, Seção 1, pág. 63";"5"
"177612850";"DOUTORADO EM GESTÃO E INOVAÇÃO EM SAÚDE";"5761054";"HELENI AIRES CLEMENTE";"ATIVO";"DOUTORADO";"";"Presencial";"Ciências da Saúde";"Regular";"NATAL";"";"10482";"PROGRAMA DE PÓS-GRADUAÇÃO EM GESTÃO E INOVAÇÃO EM SAÚDE";"";"";""
"133179605";"DOUTORADO EM HISTÓRIA";"5761592";"FABIULA SEVILHA DE SOUZA";"ATIVO";"DOUTORADO";"";"Presencial";"Ciências Humanas";"Regular";"NATAL";"";"435";"PROGRAMA DE PÓS-GRADUAÇÃO EM HISTÓRIA";"";"Portaria MEC nº 485, de 14/05/2020. DOU nº 93, de 18/05/2020. Seção 1. Página 408";"4"
"98462514";"DOUTORADO EM NANOTECNOLOGIA FARMACÊUTICA";"";"";"ATIVO";"DOUTORADO";"";"Presencial";"Ciências da Saúde";"Regular";"NATAL";"";"6030";"PROGRAMA DE PÓS-GRADUAÇÃO EM NANOTECNOLOGIA FARMACÊUTICA";"";"Portaria MEC nº 609, de 14/03/2019. DOU nº 52, de 18/03/2019. Seção 1. Página 63";"4"
"17565631";"DOUTORADO EM NEUROCIÊNCIAS";"5760429";"DANIEL YASUMASA TAKAHASHI";"ATIVO";"DOUTORADO";"";"Presencial";"Ciências Biológicas";"Regular";"NATAL";"";"5207";"PROGRAMA DE PÓS-GRADUAÇÃO EM NEUROCIÊNCIAS";"";"Portaria MEC nº 609, de 14/03/2019. DOU nº 52, de 18/03/2019. Seção 1. Página 63";"5"
"171307246";"DOUTORADO EM NUTRIÇÃO";"5752993";"KARLA DANIELLY DA SILVA RIBEIRO RODRIGUES";"ATIVO";"DOUTORADO";"";"Presencial";"Ciências da Saúde";"Regular";"NATAL";"";"8191";"PROGRAMA DE PÓS-GRADUAÇÃO EM NUTRIÇÃO";"";"";""
"315734";"DOUTORADO EM PATOLOGIA ORAL";"";"";"EXTINTO";"DOUTORADO";"";"Presencial";"Ciências da Saúde";"Regular";"NATAL";"";"1760";"PROGRAMA DE PÓS-GRADUAÇÃO EM PATOLOGIA ORAL";"";"";""
"315736";"DOUTORADO EM PSICOBIOLOGIA";"5758434";"FELIPE NALON CASTRO";"ATIVO";"DOUTORADO";"";"Presencial";"Outra";"Regular";"NATAL";"";"367";"PROGRAMA DE PÓS-GRADUAÇÃO EM PSICOBIOLOGIA";"";"Portaria MEC nº 609, de 14/03/2019. DOU nº 52, de 18/03/2019. Seção 1. Página 63";"6"
"17275730";"DOUTORADO EM PSICOLOGIA";"5758439";"FELLIPE COELHO LIMA";"ATIVO";"DOUTORADO";"";"Presencial";"Ciências Humanas";"Regular";"NATAL";"";"64";"PROGRAMA DE PÓS-GRADUAÇÃO EM PSICOLOGIA";"";"Portaria MEC nº 609, de 14/03/2019. DOU nº 52, de 18/03/2019. Seção 1. Página 63";"5"
"315740";"DOUTORADO EM QUÍMICA";"5752770";"RENATA MENDONÇA ARAUJO";"ATIVO";"DOUTORADO";"";"Presencial";"Ciências Exatas e da Terra";"Regular";"NATAL";"";"85";"PROGRAMA DE PÓS-GRADUAÇÃO EM QUÍMICA";"";"Portaria MEC nº 609, de 14/03/2019. DOU nº 52, de 18/03/2019. Seção 1. Página 63";"6"
"84739891";"DOUTORADO EM SAÚDE COLETIVA";"5752713";"LUIZ ROBERTO AUGUSTO NORO";"ATIVO";"DOUTORADO";"";"Presencial";"Ciências da Saúde";"Anual";"NATAL";"";"5670";"PROGRAMA DE PÓS-GRADUAÇÃO EM SAÚDE COLETIVA";"";"Portaria MEC nº 609, de 14/03/2019. DOU nº 52, de 18/03/2019. Seção 1. Página 63";"5"
"117229950";"DOUTORADO EM SERVIÇO SOCIAL";"34210";"ROBERTO MARINHO ALVES DA SILVA";"ATIVO";"DOUTORADO";"";"Presencial";"Ciências Sociais Aplicadas";"Regular";"NATAL";"";"376";"PROGRAMA DE PÓS-GRADUAÇÃO EM SERVIÇO SOCIAL";"";"Portaria MEC nº 609, de 14/03/2019. DOU nº 52, de 18/03/2019. Seção 1. Página 63";"4"
"96146345";"DOUTORADO EM SISTEMÁTICA E EVOLUÇÃO";"5753056";"LEONARDO DE MELO VERSIEUX";"ATIVO";"DOUTORADO";"";"Presencial";"Ciências Biológicas";"Regular";"NATAL";"";"5579";"PROGRAMA DE PÓS-GRADUAÇÃO EM SISTEMÁTICA E EVOLUÇÃO";"";"Portaria MEC nº 609, de 14/03/2019. DOU nº 52, de 18/03/2019. Seção 1. Página 63";"5"
"104910434";"DOUTORADO EM TURISMO";"5759399";"RICARDO LANZARINI GOMES SILVA";"ATIVO";"DOUTORADO";"";"Presencial";"Ciências Sociais Aplicadas";"Regular";"NATAL";"";"4295";"PROGRAMA DE PÓS-GRADUAÇÃO EM TURISMO";"";"Portaria MEC n° 398 de 02/06/2025. Renovação de Reconhecimento dos PPGs na Avaliação Quadrienal de 2021. CTC-ES 215ª, 216ª, 217ª e 218ª";"5"
"177835234";"DOUTORADO PROFISSIONAL EM ENSINO DE HISTÓRIA - PROFHISTORIA";"22163";"RAIMUNDO NONATO ARAUJO DA ROCHA";"ATIVO";"DOUTORADO";"";"Presencial";"Ciências Humanas";"Regular";"NATAL";"";"9395";"PROGRAMA DE PÓS-GRADUAÇÃO EM ENSINO DE HISTÓRIA - REDE NACIONAL";"";"";""
"172269300";"DOUTORADO PROFISSIONAL EM INOVAÇÃO EM TECNOLOGIAS EDUCACIONAIS";"5757088";"DENNYS LEITE MAIA";"ATIVO";"DOUTORADO";"";"Presencial";"Outra";"Regular";"NATAL";"";"10481";"PROGRAMA DE PÓS-GRADUAÇÃO EM INOVAÇÃO EM TECNOLOGIAS EDUCACIONAIS";"";"";""
"147308656";"DOUTORADO PROFISSIONAL EM SAÚDE DA FAMÍLIA";"130617";"PAULA FERNANDA BRANDAO BATISTA DOS SANTOS";"ATIVO";"DOUTORADO";"";"Presencial";"Ciências da Saúde";"Regular";"NATAL";"";"6135";"PROGRAMA DE PÓS-GRADUAÇÃO EM SAÚDE DA FAMÍLIA NO NORDESTE";"";"Portaria MEC n° 540 de 17/06/2020. 190ª Reunião do CTC-ES. Parecer CNE/CES nº 111/2020";"4"
"177385128";"DOUTORADO PROFISSIONAL EM TECNOLOGIA DA INFORMAÇÃO";"5754613";"FREDERICO ARAUJO DA SILVA LOPES";"ATIVO";"DOUTORADO";"";"Presencial";"Ciências Exatas e da Terra";"Regular";"NATAL";"";"7872";"PROGRAMA DE PÓS-GRADUAÇÃO EM TECNOLOGIA DA INFORMAÇÃO";"";"Portaria MEC n° 0398 de 02/06/2025. Renovação de Reconhecimento dos PPGs em decorrência da Avaliação Quadrienal de 2021 (2017- 2020). 215ª, 216ª, 217ª e 218ª CTC-ES";"4"
"979300";"ENFERMAGEM  EM SAÚDE DA  CRIANÇA";"";"";"ATIVO";"LATO SENSU";"";"Presencial";"";"";"NATAL";"";"198";"DEPARTAMENTO DE ENFERMAGEM";"";"";""
"2667700";"ENSINO-APRENDIZAGEM DE LÍNGUA PORTUGUESA:ASPECTOS TEÓRICOS E PRÁTICOS";"";"";"ATIVO";"LATO SENSU";"";"Presencial";"";"";"NATAL";"";"159";"DEPARTAMENTO DE EDUCAÇÃO";"";"";""
"1398140";"ENSINO DE ARTE NA ESCOLA";"";"";"ATIVO";"LATO SENSU";"";"Presencial";"";"";"NATAL";"";"139";"DEPARTAMENTO DE ARTES";"";"";""
"6182540";"ENSINO DE ARTE NA ESCOLA COM APROFUNDAMENTO E ARTES VISUAIS, DANÇA, MÚSICA E TEA";"";"";"ATIVO";"LATO SENSU";"";"Presencial";"";"";"NATAL";"";"139";"DEPARTAMENTO DE ARTES";"";"";""
"2628340";"Especializaão em Avaliação Psicológica";"";"";"ATIVO";"LATO SENSU";"";"Presencial";"";"";"NATAL";"";"442";"CENTRO DE CIÊNCIAS HUMANAS, LETRAS E ARTES";"";"";""
"3578460";"ESPECIALIZAÇÃO EM ARTETERAPIA E EDUCAÇÃO DO SER";"26322";"ERIKA DOS REIS GUSMAO ANDRADE";"ATIVO";"LATO SENSU";"";"Presencial";"";"";"NATAL";"";"363";"PROGRAMA DE PÓS-GRADUAÇÃO EM EDUCAÇÃO";"";"";""
"4878604";"ESPECIALIZAÇÃO EM ARTETERAPIA E EDUCAÇÃO DO SER";"26322";"ERIKA DOS REIS GUSMAO ANDRADE";"ATIVO";"LATO SENSU";"";"Presencial";"";"";"NATAL";"";"363";"PROGRAMA DE PÓS-GRADUAÇÃO EM EDUCAÇÃO";"";"";""
"5173860";"ESPECIALIZAÇÃO EM CRIANÇA E ADOLESCENTE: ASPECTOS LEGAIS E SOCIAIS";"";"";"ATIVO";"LATO SENSU";"";"Presencial";"";"";"NATAL";"";"143";"DEPARTAMENTO DE PSICOLOGIA";"";"";""
"150984778";"ESPECIALIZAÇÃO EM DERMATOLOGIA EM ENFERMAGEM";"";"";"ATIVO";"LATO SENSU";"";"Presencial";"";"";"NATAL";"";"198";"DEPARTAMENTO DE ENFERMAGEM";"";"";""
"134355614";"ESPECIALIZAÇÃO EM DERMATOLOGIA EM ENFERMAGEM";"";"";"ATIVO";"LATO SENSU";"";"Presencial";"";"";"NATAL";"";"198";"DEPARTAMENTO DE ENFERMAGEM";"";"";""
"5277960";"ESPECIALIZAÇÃO EM ECONOMIA SOLIDÁRIA E DESENVOLVIMENTO TERRITORIAL";"5762091";"ISRAEL JOSÉ DOS SANTOS FELIPE";"ATIVO";"LATO SENSU";"";"Presencial";"";"";"NATAL";"";"74";"PROGRAMA DE PÓS-GRADUAÇÃO EM ADMINISTRAÇÃO";"";"";""
"6546980";"ESPECIALIZAÇÃO EM ENDOCRINOLOGIA PEDIÁTRICA";"";"";"ATIVO";"LATO SENSU";"";"Presencial";"";"";"NATAL";"";"193";"DEPARTAMENTO DE PEDIATRIA";"";"";""
"11345120";"ESPECIALIZAÇÃO EM ENDODONTIA";"";"";"ATIVO";"LATO SENSU";"";"Presencial";"";"";"NATAL";"";"195";"DEPARTAMENTO DE ODONTOLOGIA";"";"";""
"1087370";"ESPECIALIZAÇÃO EM ENGENHARIA E SEGURANÇA DO TRABALHO";"";"";"ATIVO";"LATO SENSU";"";"Presencial";"";"";"NATAL";"";"52";"DEPARTAMENTO DE ENGENHARIA CIVIL E AMBIENTAL";"";"";""
"1213760";"ESPECIALIZAÇÃO EM GESTÃO DE PESSOAS";"5762091";"ISRAEL JOSÉ DOS SANTOS FELIPE";"ATIVO";"LATO SENSU";"";"Presencial";"";"";"NATAL";"";"74";"PROGRAMA DE PÓS-GRADUAÇÃO EM ADMINISTRAÇÃO";"";"";""
"11642560";"ESPECIALIZAÇÃO EM GESTÃO ESCOLAR";"26322";"ERIKA DOS REIS GUSMAO ANDRADE";"ATIVO";"LATO SENSU";"";"A Distância";"";"";"NATAL";"";"363";"PROGRAMA DE PÓS-GRADUAÇÃO EM EDUCAÇÃO";"";"";""
"975160";"ESPECIALIZAÇÃO EM GESTÃO ESCOLAR";"";"";"ATIVO";"LATO SENSU";"";"A Distância";"";"";"NATAL";"";"3592";"UNIDADE CURRICULAR INTEGRADA";"";"";""
"11381370";"ESPECIALIZAÇÃO EM GESTÃO UNIVERSITÁRIA";"5762091";"ISRAEL JOSÉ DOS SANTOS FELIPE";"ATIVO";"LATO SENSU";"";"Presencial";"";"";"NATAL";"";"74";"PROGRAMA DE PÓS-GRADUAÇÃO EM ADMINISTRAÇÃO";"";"";""
"1228840";"ESPECIALIZAÇÃO EM LÍNGUA INGLESA";"";"";"ATIVO";"LATO SENSU";"";"Presencial";"";"";"CAICÓ";"";"236";"CERES - DEPTO CIÊNCIAS SOCIAIS E HUMANAS";"";"";""
"9240410";"ESPECIALIZAÇÃO EM LÍNGUA PORGUESA: GRAMÁTICA, TEXTO E DISCURSO";"";"";"ATIVO";"LATO SENSU";"";"Presencial";"";"";"NATAL";"";"138";"DEPARTAMENTO DE LETRAS";"";"";""
"87338446";"ESPECIALIZAÇÃO EM MANEJO SUSTENTÁVEL DO SEMIÁRIDO";"";"";"ATIVO";"LATO SENSU";"";"Presencial";"";"";"MACAÍBA";"";"351";"ESCOLA AGRÍCOLA DE JUNDIAÍ";"";"";""
"106102854";"ESPECIALIZAÇÃO EM MANEJO SUSTENTÁVEL DO SEMIÁRIDO";"";"";"ATIVO";"LATO SENSU";"";"Presencial";"";"";"MACAÍBA";"";"351";"ESCOLA AGRÍCOLA DE JUNDIAÍ";"";"";""
"109093416";"ESPECIALIZAÇÃO EM MANEJO SUSTENTÁVEL DO SEMIÁRIDO";"";"";"ATIVO";"LATO SENSU";"";"Presencial";"";"";"MACAÍBA";"";"351";"ESCOLA AGRÍCOLA DE JUNDIAÍ";"";"";""
"906780";"ESPECIALIZAÇÃO EM POLÍTICAS PÚBLICAS";"";"";"ATIVO";"LATO SENSU";"";"Presencial";"";"";"NATAL";"";"2773";"NÚCLEO AVANÇADO DE POLÍTICAS PÚBLICAS";"";"";""
"9209950";"ESPECIALIZAÇÃO EM PROCESSO DE CUIDAR EM SAÚDE";"5753854";"JONAS SAMI ALBUQUERQUE DE OLIVEIRA";"ATIVO";"LATO SENSU";"";"Presencial";"";"";"NATAL";"";"412";"PROGRAMA DE PÓS-GRADUAÇÃO EM ENFERMAGEM";"";"";""
"6992520";"ESPECIALIZAÇÃO EM PSICOLOGIA CLÍNICA NA ABORDAGEM HUMANISTA-EXISTENCIAL-CURSO 3";"";"";"ATIVO";"LATO SENSU";"";"Presencial";"";"";"NATAL";"";"143";"DEPARTAMENTO DE PSICOLOGIA";"";"";""
"4669920";"ESPECIALIZAÇÃO EM SUPERVISÃO EDUCACIONAL";"";"";"ATIVO";"LATO SENSU";"";"Presencial";"";"";"CAICÓ";"";"236";"CERES - DEPTO CIÊNCIAS SOCIAIS E HUMANAS";"";"";""
"10601100";"Etica Profissional";"";"";"ATIVO";"LATO SENSU";"";"Presencial";"";"";"NATAL";"";"1698";"COOPERATIVA CULTURAL DA UFRN";"";"";""
"7386870";"fonoaudiologia";"";"";"ATIVO";"LATO SENSU";"";"Presencial";"";"";"NATAL";"";"2828";"HUOL - DEPARTAMENTO DE CIRURGIA";"";"";""
"2513900";"GESTÃO AMBIENTAL URBANA";"";"";"ATIVO";"LATO SENSU";"";"Presencial";"";"";"NATAL";"";"142";"DEPARTAMENTO DE GEOGRAFIA/CCHLA";"";"";""
"904142";"GESTÃO ESTRATÉGICA DE SISTEMAS DE INFORMAÇÃO";"";"";"ATIVO";"LATO SENSU";"";"Presencial";"";"";"NATAL";"";"63";"DEPARTAMENTO DE CIÊNCIA DA INFORMAÇÃO";"";"";""
"2794100";"I CURSO DE ESPECIALização em crianças e adolescentes: aspectos legais e sociais";"";"";"ATIVO";"LATO SENSU";"";"Presencial";"";"";"NATAL";"";"143";"DEPARTAMENTO DE PSICOLOGIA";"";"";""
"8293230";"I CURSO DE ESPECIALIZAÇÃO EM DIREITO ADMINISTRATIVO";"";"";"ATIVO";"LATO SENSU";"";"Presencial";"";"";"NATAL";"";"84";"DEPARTAMENTO DE DIREITO PUBLICO - DIPUB";"";"";""
"8302660";"III CURSO DE ESPECIALIZAÇÃO EM DIREITO TRIBUTÁRIO";"";"";"ATIVO";"LATO SENSU";"";"Presencial";"";"";"NATAL";"";"84";"DEPARTAMENTO DE DIREITO PUBLICO - DIPUB";"";"";""
"1205190";"IV CURSO DE ESPECIALIZAÇÃO EM PSICOLOGIA DA SAÚDE: DESENVOLVIMENTO E HOSPITALIZA";"";"";"ATIVO";"LATO SENSU";"";"Presencial";"";"";"NATAL";"";"143";"DEPARTAMENTO DE PSICOLOGIA";"";"";""
"315764";"MESTRADO EM ADMINISTRAÇÃO";"5762091";"ISRAEL JOSÉ DOS SANTOS FELIPE";"ATIVO";"MESTRADO";"";"Presencial";"Ciências Sociais Aplicadas";"Regular";"NATAL";"";"74";"PROGRAMA DE PÓS-GRADUAÇÃO EM ADMINISTRAÇÃO";"";"Portaria MEC nº 609, de 14/03/2019. DOU nº 52, de 18/03/2019. Seção 1. Página 63";"5"
"315784";"MESTRADO EM ANTROPOLOGIA SOCIAL";"5754321";"RITA DE CASSIA MARIA NEVES";"ATIVO";"MESTRADO";"";"Presencial";"Ciências Humanas";"Regular";"NATAL";"";"1442";"PROGRAMA DE PÓS-GRADUAÇÃO EM ANTROPOLOGIA SOCIAL";"";"Portaria MEC nº 609, de 14/03/2019. DOU nº 52, de 18/03/2019. Seção 1. Página 63";"5"
"315766";"MESTRADO EM ARQUITETURA E URBANISMO";"22822";"RUBENILSON BRASAO TEIXEIRA";"ATIVO";"MESTRADO";"";"Presencial";"Outra";"Regular";"NATAL";"";"102";"PROGRAMA DE PÓS-GRADUAÇÃO EM ARQUITETURA E URBANISMO";"";"Portaria MEC nº 609, de 14/03/2019. DOU nº 52, de 18/03/2019. Seção 1. Página 63";"5"
"507420";"MESTRADO EM ARTES CÊNICAS";"";"";"ATIVO";"MESTRADO";"";"Presencial";"Lingüística, Letras e Artes";"Regular";"NATAL";"";"4073";"PROGRAMA DE PÓS-GRADUAÇÃO EM ARTES CÊNICAS";"";"Portaria MEC nº 609, de 14/03/2019. DOU nº 52, de 18/03/2019. Seção 1. Página 63";"4"
"177654352";"MESTRADO EM ARTES VISUAIS";"5761625";"FABIOLA CRISTINA ALVES";"ATIVO";"MESTRADO";"";"Presencial";"Lingüística, Letras e Artes";"Regular";"NATAL";"";"32957";"PROGRAMA DE PÓS-GRADUAÇÃO EM ARTES VISUAIS";"";"";""
"164535758";"MESTRADO EM ASSISTÊNCIA FARMACÊUTICA EM REDE";"5756373";"RAND RANDALL MARTINS";"ATIVO";"MESTRADO";"";"Presencial";"Ciências da Saúde";"Regular";"NATAL";"";"31835";"PROGRAMA DE PÓS GRADUAÇÃO EM ASSISTÊNCIA FARMACÊUTICA EM REDE";"";"Portaria MEC nº 609, de 14/03/2019. DOU nº 52, de 18/03/2019. Seção 1. Página 63";"4"
"115845492";"MESTRADO EM BIOINFORMÁTICA";"5756421";"RODRIGO JULIANI SIQUEIRA DALMOLIN";"ATIVO";"MESTRADO";"";"Presencial";"Ciências Biológicas";"Regular";"NATAL";"";"9814";"PROGRAMA DE PÓS-GRADUAÇÃO EM BIOINFORMÁTICA";"";"Portaria MEC nº 609, de 14/03/2019. DOU nº 52, de 18/03/2019. Seção 1. Página 63";"5"
"98469607";"MESTRADO EM BIOLOGIA ESTRUTURAL E FUNCIONAL";"5752290";"JUDNEY CLEY CAVALCANTE";"ATIVO";"MESTRADO";"";"Presencial";"Ciências da Saúde";"Regular";"NATAL";"";"7805";"PROGRAMA DE PÓS-GRADUAÇÃO EM BIOLOGIA ESTRUTURAL E FUNCIONAL";"";"Portaria MEC nº 609, de 14/03/2019. DOU nº 52, de 18/03/2019. Seção 1. Página 63";"4"
"101050284";"MESTRADO EM BIOLOGIA PARASITÁRIA";"5761473";"CARLOS RAMON DO NASCIMENTO BRITO";"ATIVO";"MESTRADO";"";"Presencial";"Ciências Biológicas";"Regular";"NATAL";"";"8085";"PROGRAMA DE PÓS-GRADUAÇÃO EM BIOLOGIA PARASITÁRIA";"";"Portaria MEC nº 609, de 14/03/2019. DOU nº 52, de 18/03/2019. Seção 1. Página 63";"4"
"315769";"MESTRADO EM BIOQUÍMICA E BIOLOGIA MOLECULAR";"25470";"KATIA CASTANHO SCORTECCI";"ATIVO";"MESTRADO";"";"Presencial";"Ciências Biológicas";"Regular";"NATAL";"";"31300";"PROGRAMA DE PÓS-GRADUAÇÃO EM BIOQUÍMICA E BIOLOGIA MOLECULAR";"";"Portaria MEC nº 609, de 14/03/2019. DOU nº 52, de 18/03/2019. Seção 1. Página 63";"4"
"173546000";"MESTRADO EM CIÊNCIA DA INFORMAÇÃO";"5759412";"GABRIELLE FRANCINNE DE SOUZA CARVALHO TANUS";"ATIVO";"MESTRADO";"";"Presencial";"Ciências Sociais Aplicadas";"Regular";"NATAL";"";"32531";"PROGRAMA DE PÓS-GRADUAÇÃO EM CIÊNCIA DA INFORMAÇÃO";"";"";""
"315770";"MESTRADO EM CIÊNCIA E ENGENHARIA DE MATERIAIS";"5754405";"MAURICIO ROBERTO BOMIO DELMONTE";"ATIVO";"MESTRADO";"";"Presencial";"Engenharias";"Regular";"NATAL";"";"68";"PROGRAMA DE PÓS-GRADUAÇÃO EM CIÊNCIA E ENGENHARIA DE MATERIAIS";"";"Portaria MEC nº 609, de 14/03/2019. DOU nº 52, de 18/03/2019. Seção 1. Página 63";"7"
"315786";"MESTRADO EM CIÊNCIA E ENGENHARIA DE PETRÓLEO";"5752298";"JENNYS LOURDES MENESES BARILLAS";"ATIVO";"MESTRADO";"";"Presencial";"Engenharias";"Regular";"NATAL";"";"2598";"PROGRAMA DE PÓS-GRADUAÇÃO EM CIÊNCIA E ENGENHARIA DE PETRÓLEO";"";"Portaria MEC nº 609, de 14/03/2019. DOU nº 52, de 18/03/2019. Seção 1. Página 63";"3"
"140178600";"MESTRADO EM CIÊNCIAS APLICADAS À SAÚDE DA MULHER";"5752472";"JANAINA CRISTIANA DE OLIVEIRA CRISPIM FREITAS";"ATIVO";"MESTRADO";"";"Presencial";"Ciências da Saúde";"Regular";"NATAL";"";"30544";"PROGRAMA DE PÓS-GRADUAÇÃO EM CIÊNCIAS APLICADAS À SAÚDE DA MULHER";"";"Portaria MEC nº 540, de 15/06/2020. DOU nº 114, de 17/06/2020. Seção 1, Página 57";"3"
"315782";"MESTRADO EM CIÊNCIAS BIOLÓGICAS";"";"";"EXTINTO";"MESTRADO";"";"Presencial";"Ciências Biológicas";"Regular";"NATAL";"";"431";"PROGRAMA DE PÓS-GRADUAÇÃO EM CIÊNCIAS BIOLÓGICAS";"";"Portaria MEC nº 1077, de 31/08/2012. D.O.U. de 13/09/2012. Seção 1. Página 25";"3"
"91805256";"MESTRADO EM CIÊNCIAS CLIMÁTICAS";"5753001";"CLAUDIO MOISES SANTOS E SILVA";"ATIVO";"MESTRADO";"";"Presencial";"Ciências Exatas e da Terra";"Anual";"NATAL";"";"5211";"PROGRAMA DE PÓS-GRADUAÇÃO EM CIÊNCIAS CLIMÁTICAS";"";"Portaria MEC nº 609, de 14/03/2019. DOU nº 52, de 18/03/2019. Seção 1. Página 63";"4"
"108416320";"MESTRADO EM CIÊNCIAS CONTÁBEIS";"5761187";"RENATO HENRIQUE GURGEL MOTA";"ATIVO";"MESTRADO";"";"Presencial";"Ciências Sociais Aplicadas";"Anual";"NATAL";"";"9066";"PROGRAMA DE PÓS-GRADUAÇÃO EM CIÊNCIAS CONTÁBEIS";"";"Portaria MEC nº 609, de 14/03/2019. DOU nº 52, de 18/03/2019. Seção 1. Página 63";"3"
"118768231";"MESTRADO EM CIÊNCIAS DA REABILITAÇÃO";"5757937";"ALINE BRAGA GALVAO SILVEIRA FERNANDES";"ATIVO";"MESTRADO";"";"Presencial";"Ciências da Saúde";"Regular";"SANTA CRUZ";"";"10117";"PROGRAMA DE PÓS-GRADUAÇÃO EM CIÊNCIAS DA REABILITAÇÃO";"";"Portaria MEC nº 609, de 14/03/2019. DOU nº 52, de 18/03/2019. Seção 1. Página 63";"4"
"315773";"MESTRADO EM CIÊNCIAS DA SAÚDE";"5752711";"RODRIGO PEGADO DE ABREU FREITAS";"ATIVO";"MESTRADO";"";"Presencial";"Ciências da Saúde";"Regular";"NATAL";"";"66";"PROGRAMA DE PÓS-GRADUAÇÃO EM CIÊNCIAS DA SAÚDE";"";"Portaria MEC nº 609, de 14/03/2019. DOU nº 52, de 18/03/2019. Seção 1. Página 63";"6"
"315775";"MESTRADO EM CIÊNCIAS FARMACÊUTICAS";"5757897";"MARCELO DE SOUSA DA SILVA";"ATIVO";"MESTRADO";"";"Presencial";"Ciências da Saúde";"Regular";"NATAL";"";"366";"PROGRAMA DE PÓS-GRADUAÇÃO EM CIÊNCIAS FARMACÊUTICAS";"";"Portaria MEC nº 609, de 14/03/2019. DOU nº 52, de 18/03/2019. Seção 1. Página 63";"4"
"168173013";"MESTRADO EM CIÊNCIAS FISIOLÓGICAS";"5758581";"JANINE INEZ ROSSATO";"ATIVO";"MESTRADO";"";"Presencial";"Ciências Biológicas";"Regular";"NATAL";"";"32254";"PROGRAMA DE PÓS-GRADUAÇÃO MULTICÊNTRICO EM CIÊNCIAS FISIOLÓGICAS (CCS/FACISA)";"";"";""
"90156472";"MESTRADO EM CIÊNCIAS FLORESTAIS";"5752710";"FABIO DE ALMEIDA VIEIRA";"ATIVO";"MESTRADO";"";"Presencial";"Ciências Agrárias";"Regular";"MACAÍBA";"";"6381";"PROGRAMA DE PÓS-GRADUAÇÃO EM CIÊNCIAS FLORESTAIS";"";"Portaria MEC nº 609, de 14/03/2019. DOU nº 52, de 18/03/2019. Seção 1. Página 63";"3"
"130260333";"MESTRADO EM CIÊNCIAS ODONTOLÓGICAS";"25595";"ADRIANA DA FONTE PORTO CARREIRO";"ATIVO";"MESTRADO";"";"Presencial";"Ciências da Saúde";"Regular";"NATAL";"";"11354";"PROGRAMA DE PÓS-GRADUAÇÃO EM CIÊNCIAS ODONTOLÓGICAS";"";"Portaria MEC nº 129, de 11/06/2019. DOU nº 115, de 17/06/2019. Seção 1. Página 19";"5"
"315776";"MESTRADO EM CIÊNCIAS SOCIAIS";"51275";"GABRIEL EDUARDO VITULLO";"ATIVO";"MESTRADO";"";"Presencial";"Ciências Humanas";"Regular";"NATAL";"";"360";"PROGRAMA DE PÓS-GRADUAÇÃO EM CIÊNCIAS SOCIAIS";"";"Portaria MEC nº 543, de 15/06/2020. DOU nº 114, de 17/06/2020. Seção 1. Página 60";"4"
"50798281";"MESTRADO EM DEMOGRAFIA";"5756274";"LUCIANA CONCEICAO DE LIMA";"ATIVO";"MESTRADO";"";"Presencial";"Ciências Exatas e da Terra";"Regular";"NATAL";"";"5570";"PROGRAMA DE PÓS-GRADUAÇÃO EM DEMOGRAFIA";"";"Portaria MEC nº 609, de 14/03/2019. DOU nº 52, de 18/03/2019. Seção 1. Página 63";"5"
"315781";"MESTRADO EM DESENVOLVIMENTO E MEIO AMBIENTE";"21600";"MARIA DE FATIMA FREIRE DE MELO XIMENES";"ATIVO";"MESTRADO";"";"Presencial";"Outra";"Regular";"NATAL";"";"423";"PROGRAMA REGIONAL DE PÓS-GRADUAÇÃO EM DESENVOLVIMENTO E MEIO AMBIENTE - PRODEMA";"";"Portaria MEC nº 609, de 14/03/2019. DOU nº 52, de 18/03/2019. Seção 1. Página 63";"5"
"315779";"MESTRADO EM DIREITO";"2258517";"THIAGO OLIVEIRA MOREIRA";"ATIVO";"MESTRADO";"";"Presencial";"Ciências Sociais Aplicadas";"Regular";"NATAL";"";"404";"PROGRAMA DE PÓS-GRADUAÇÃO EM DIREITO";"";"Portaria MEC nº 609, de 14/03/2019. DOU nº 52, de 18/03/2019. Seção 1. Página 63";"3"
"9513330";"MESTRADO EM ECOLOGIA";"5754261";"RENATA SANTORO DE SOUSA LIMA";"ATIVO";"MESTRADO";"";"Presencial";"Ciências Biológicas";"Regular";"NATAL";"";"4846";"PROGRAMA DE PÓS-GRADUAÇÃO EM ECOLOGIA";"";"Portaria MEC nº 609, de 14/03/2019. DOU nº 52, de 18/03/2019. Seção 1. Página 63";"7"
"315744";"MESTRADO EM ECONOMIA";"5758613";"CASSIANO JOSE BEZERRA MARQUES TROVAO";"ATIVO";"MESTRADO";"";"Presencial";"Ciências Sociais Aplicadas";"Regular";"NATAL";"";"434";"PROGRAMA DE PÓS-GRADUAÇÃO EM ECONOMIA";"";"Portaria MEC nº 543, de 15/06/2020. DOU nº 114, de 17/06/2020. Seção 1. Página 60";"4"
"315745";"MESTRADO EM EDUCAÇÃO";"26322";"ERIKA DOS REIS GUSMAO ANDRADE";"ATIVO";"MESTRADO";"";"Presencial";"Ciências Humanas";"Regular";"NATAL";"";"363";"PROGRAMA DE PÓS-GRADUAÇÃO EM EDUCAÇÃO";"";"Portaria MEC nº 609, de 14/03/2019. DOU nº 52, de 18/03/2019. Seção 1. Página 63";"5"
"50980468";"MESTRADO EM EDUCAÇÃO FÍSICA";"5753094";"Allyson Carvalho de Araújo";"ATIVO";"MESTRADO";"";"Presencial";"Ciências da Saúde";"Regular";"NATAL";"";"5591";"PROGRAMA DE PÓS-GRADUAÇÃO EM EDUCAÇÃO FÍSICA";"";"Portaria MEC nº 609, de 14/03/2019. DOU nº 52, de 18/03/2019. Seção 1. Página 63";"4"
"175720345";"MESTRADO EM ENERGIA E PETRÓLEO";"5752298";"JENNYS LOURDES MENESES BARILLAS";"ATIVO";"MESTRADO";"";"Presencial";"Engenharias";"Regular";"NATAL";"";"32914";"PROGRAMA DE PÓS-GRADUAÇÃO EM ENERGIA E PETRÓLEO";"";"...";"3"
"315747";"MESTRADO EM ENFERMAGEM";"5753854";"JONAS SAMI ALBUQUERQUE DE OLIVEIRA";"ATIVO";"MESTRADO";"";"Presencial";"Ciências da Saúde";"Regular";"NATAL";"";"412";"PROGRAMA DE PÓS-GRADUAÇÃO EM ENFERMAGEM";"";"Portaria MEC nº 609, de 14/03/2019. DOU nº 52, de 18/03/2019. Seção 1. Página 63";"5"
"134097165";"MESTRADO EM ENGENHARIA AEROESPACIAL";"5753844";"DOUGLAS DO NASCIMENTO SILVA";"ATIVO";"MESTRADO";"";"Presencial";"Engenharias";"Regular";"NATAL";"";"30029";"PROGRAMA DE PÓS-GRADUAÇÃO EM ENGENHARIA AEROESPACIAL";"";"Portaria MEC nº 478, de 13/05/2020. DOU nº 92, de 15/05/2020. Seção 1. Página 28";"3"
"9300330";"MESTRADO EM ENGENHARIA CIVIL";"";"";"EXTINTO";"MESTRADO";"";"Presencial";"Engenharias";"Regular";"NATAL";"";"4845";"PROGRAMA DE PÓS-GRADUAÇÃO EM ENGENHARIA CIVIL";"";"Portaria MEC nº 609, de 14/03/2019. DOU nº 52, de 18/03/2019. Seção 1. Página 63";"3"
"157075615";"MESTRADO EM ENGENHARIA CIVIL E AMBIENTAL";"5753343";"VANESSA BECKER";"ATIVO";"MESTRADO";"";"Presencial";"Engenharias";"Regular";"NATAL";"";"31338";"PROGRAMA DE PÓS-GRADUAÇÃO EM ENGENHARIA CIVIL E AMBIENTAL";"";"Portaria MEC nº 48, de 15/04/2020. DOU nº 75, de 20/04/2020. Seção 1. Página 59.";"4"
"315748";"MESTRADO EM ENGENHARIA DE PRODUÇÃO";"5752845";"MARIO ORESTES AGUIRRE GONZALEZ";"ATIVO";"MESTRADO";"";"Presencial";"Engenharias";"Regular";"NATAL";"";"105";"PROGRAMA DE PÓS-GRADUAÇÃO EM ENGENHARIA DE PRODUÇÃO";"";"Portaria MEC nº 609, de 14/03/2019. DOU nº 52, de 18/03/2019. Seção 1. Página 63";"3"
"315749";"MESTRADO EM ENGENHARIA ELÉTRICA E DE COMPUTAÇÃO";"5753096";"ANTONIO LUIZ PEREIRA DE SIQUEIRA CAMPOS";"ATIVO";"MESTRADO";"";"Presencial";"Engenharias";"Regular";"NATAL";"";"103";"PROGRAMA DE PÓS-GRADUAÇÃO EM ENGENHARIA ELÉTRICA E DE COMPUTAÇÃO";"";"Portaria MEC nº 609, de 14/03/2019. DOU nº 52, de 18/03/2019. Seção 1. Página 63";"5"
"315751";"MESTRADO EM ENGENHARIA MECÂNICA";"5757845";"FABIO JOSE PINHEIRO SOUSA";"ATIVO";"MESTRADO";"";"Presencial";"Engenharias";"Regular";"NATAL";"";"104";"PROGRAMA DE PÓS-GRADUAÇÃO EM ENGENHARIA MECÂNICA";"";"Portaria MEC nº 609, de 14/03/2019. DOU nº 52, de 18/03/2019. Seção 1. Página 63";"4"
"101050293";"MESTRADO EM ENGENHARIA MECATRÔNICA";"5753882";"KURIOS IURI PINHEIRO DE MELO QUEIROZ";"ATIVO";"MESTRADO";"";"Presencial";"Engenharias";"Regular";"NATAL";"";"8086";"PROGRAMA DE PÓS-GRADUAÇÃO EM ENGENHARIA MECATRÔNICA";"";"Portaria MEC nº 609, de 14/03/2019. DOU nº 52, de 18/03/2019. Seção 1. Página 63";"3"
"315753";"MESTRADO EM ENGENHARIA QUÍMICA";"";"";"ATIVO";"MESTRADO";"";"Presencial";"Engenharias";"Regular";"NATAL";"";"106";"PROGRAMA DE PÓS-GRADUAÇÃO EM ENGENHARIA QUÍMICA";"";"Portaria MEC nº 609, de 14/03/2019. DOU nº 52, de 18/03/2019. Seção 1. Página 63";"5"
"315755";"MESTRADO EM ENGENHARIA SANITÁRIA E AMBIENTAL";"";"";"ATIVO";"MESTRADO";"";"Presencial";"Engenharias";"Regular";"NATAL";"";"107";"PROGRAMA DE PÓS-GRADUAÇÃO EM ENGENHARIA SANITÁRIA E AMBIENTAL";"";"Portaria MEC nº 656, de 22/05/2017. DOU 142, de 26/07/2017. Seção 1, Páginas 23 a 109";"3"
"121507754";"MESTRADO EM ENGENHARIA TÊXTIL";"5752485";"KESIA KARINA DE OLIVEIRA SOUTO SILVA";"ATIVO";"MESTRADO";"";"Presencial";"Engenharias";"Regular";"NATAL";"";"10480";"PROGRAMA DE PÓS-GRADUAÇÃO EM ENGENHARIA TÊXTIL";"";"Portaria MEC nº 1338, de 20/10/2017. DOU nº 203, de 21/10/2017. Seção 1. Página 125";"3"
"123079207";"MESTRADO EM ENSINO DE CIÊNCIAS E MATEMÁTICA";"2288465";"MARCIA GORETTE LIMA DA SILVA";"ATIVO";"MESTRADO";"";"Presencial";"Outra";"Regular";"NATAL";"";"9111";"PROGRAMA DE PÓS-GRADUAÇÃO EM ENSINO DE CIÊNCIAS E MATEMÁTICA";"";"Portaria MEC nº 609, de 14/03/2019. DOU nº 52, de 18/03/2019. Seção 1. Página 63";"4"
"182735059";"MESTRADO EM ENSINO DE COMPUTAÇÃO";"5754623";"KARLIANE MEDEIROS OVIDIO VALE";"ATIVO";"MESTRADO";"";"Presencial";"Ciências Exatas e da Terra";"Regular";"NATAL";"";"33438";"PROGRAMA DE PÓS-GRADUAÇÃO EM ENSINO DE COMPUTAÇÃO PARA EDUCAÇÃO BÁSICA EM REDE NACIONAL";"";"";""
"315757";"MESTRADO EM ESTUDOS DA LINGUAGEM";"5757890";"ORISON MARDEN BANDEIRA DE MELO JUNIOR";"ATIVO";"MESTRADO";"";"Presencial";"Lingüística, Letras e Artes";"Regular";"NATAL";"";"65";"PROGRAMA DE PÓS-GRADUAÇÃO EM ESTUDOS DA LINGUAGEM";"";"Portaria MEC nº 609, de 14/03/2019. DOU nº 52, de 18/03/2019. Seção 1. Página 63";"4"
"11519550";"MESTRADO EM ESTUDOS DA MÍDIA";"5752663";"JUCIANO DE SOUSA LACERDA";"ATIVO";"MESTRADO";"";"Presencial";"Ciências Sociais Aplicadas";"Regular";"NATAL";"";"4893";"PROGRAMA DE PÓS-GRADUAÇÃO EM ESTUDOS DA MÍDIA";"";"Portaria MEC nº 609, de 14/03/2019. DOU nº 52, de 18/03/2019. Seção 1. Página 63";"4"
"19106930";"MESTRADO EM ESTUDOS URBANOS E REGIONAIS";"5755561";"ZORAIDE SOUZA PESSOA";"ATIVO";"MESTRADO";"";"Presencial";"Ciências Humanas";"Regular";"NATAL";"";"5254";"PROGRAMA DE PÓS-GRADUAÇÃO EM ESTUDOS URBANOS E REGIONAIS";"";"Portaria MEC nº 609, de 14/03/2019. DOU nº 52, de 18/03/2019. Seção 1. Página 63";"4"
"315759";"MESTRADO EM FILOSOFIA";"5753519";"SERGIO LUIS RIZZO DELA SAVIA";"ATIVO";"MESTRADO";"";"Presencial";"Ciências Humanas";"Regular";"NATAL";"";"364";"PROGRAMA DE PÓS-GRADUAÇÃO EM FILOSOFIA";"";"Portaria MEC nº 609, de 14/03/2019. DOU nº 52, de 18/03/2019. Seção 1. Página 63";"5"
"315727";"MESTRADO EM FÍSICA";"5753880";"JOAO MEDEIROS DE ARAUJO";"ATIVO";"MESTRADO";"";"Presencial";"Ciências Exatas e da Terra";"Regular";"NATAL";"";"388";"PROGRAMA DE PÓS-GRADUAÇÃO EM FÍSICA";"";"Portaria MEC nº 609, de 14/03/2019. DOU nº 52, de 18/03/2019. Seção 1. Página 63";"5"
"315789";"MESTRADO EM FISIOTERAPIA";"5753636";"SILVANA ALVES PEREIRA";"ATIVO";"MESTRADO";"";"Presencial";"Ciências da Saúde";"Regular";"NATAL";"";"4072";"PROGRAMA DE PÓS-GRADUAÇÃO EM FISIOTERAPIA";"";"Portaria MEC nº 609, de 14/03/2019. DOU nº 52, de 18/03/2019. Seção 1. Página 63";"5"
"121804772";"MESTRADO EM FONOAUDIOLOGIA";"5752739";"JOSELI SOARES BRAZOROTTO";"ATIVO";"MESTRADO";"";"Presencial";"Ciências da Saúde";"Semestral";"NATAL";"";"10490";"PROGRAMA DE PÓS-GRADUAÇÃO EM FONOAUDIOLOGIA";"";"Portaria MEC nº 1359, de 18/12/2018. DOU nº 243, de 19/12/2018. Seção 1. Página 46";"4"
"315761";"MESTRADO EM GEODINÂMICA E GEOFÍSICA";"21727";"ZORANO SERGIO DE SOUZA";"ATIVO";"MESTRADO";"";"Presencial";"Outra";"Regular";"NATAL";"";"325";"PROGRAMA DE PÓS-GRADUAÇÃO EM GEODINÂMICA E GEOFÍSICA";"";"Portaria MEC nº 609, de 14/03/2019. DOU nº 52, de 18/03/2019. Seção 1. Página 63";"5"
"315731";"MESTRADO EM GEOGRAFIA";"5752271";"FRANCISCO FRANSUALDO DE AZEVEDO";"ATIVO";"MESTRADO";"";"Presencial";"Ciências Humanas";"Regular";"NATAL";"";"315";"PROGRAMA DE PÓS-GRADUAÇÃO EM GEOGRAFIA";"";"Portaria MEC nº 609, de 14/03/2019. DOU nº 52, de 18/03/2019. Seção 1. Página 63";"5"
"134098682";"MESTRADO EM GEOGRAFIA - CERES";"5760928";"JOSE YURE GOMES DOS SANTOS";"ATIVO";"MESTRADO";"";"Presencial";"Ciências Humanas";"Regular";"CAICÓ";"";"30030";"PROGRAMA DE PÓS-GRADUAÇÃO EM GEOGRAFIA - CERES";"";"Portaria MEC nº 478, de 13/05/2020. DOU nº 92, de 15/05/2020. Seção 1. Página 28";"3"
"177654439";"MESTRADO EM GESTÃO, INOVAÇÃO E SUSTENTABILIDADE";"5756776";"CAROLINA TODESCO";"ATIVO";"MESTRADO";"";"Presencial";"Ciências Sociais Aplicadas";"Regular";"CURRAIS NOVOS";"";"32958";"PROGRAMA DE PÓS-GRADUAÇÃO EM GESTÃO, INOVAÇÃO E SUSTENTABILIDADE";"";"";""
"315780";"MESTRADO EM HISTÓRIA";"5761592";"FABIULA SEVILHA DE SOUZA";"ATIVO";"MESTRADO";"";"Presencial";"Ciências Humanas";"Regular";"NATAL";"";"435";"PROGRAMA DE PÓS-GRADUAÇÃO EM HISTÓRIA";"";"Portaria MEC nº 609, de 14/03/2019. DOU nº 52, de 18/03/2019. Seção 1. Página 63";"4"
"133255800";"MESTRADO EM HISTÓRIA / CERES";"25154";"JOEL CARLOS DE SOUZA ANDRADE";"ATIVO";"MESTRADO";"";"Presencial";"Ciências Humanas";"Regular";"CAICÓ";"";"11655";"PROGRAMA DE PÓS-GRADUAÇÃO EM HISTÓRIA - CERES";"";"Portaria MEC nº 485, de 14/05/2020. DOU nº 93, de 18/05/2020. Seção 1. Página 408";"3"
"315785";"MESTRADO EM MATEMÁTICA APLICADA E ESTATÍSTICA";"5753495";"FIDEL ERNESTO CASTRO MORALES";"ATIVO";"MESTRADO";"";"Presencial";"Ciências Exatas e da Terra";"Regular";"NATAL";"";"2595";"PROGRAMA DE PÓS-GRADUAÇÃO EM MATEMÁTICA APLICADA E ESTATÍSTICA";"";"Portaria MEC nº 609, de 14/03/2019. DOU nº 52, de 18/03/2019. Seção 1. Página 63";"3"
"178237854";"MESTRADO EM METODOLOGIAS DE ENSINO E PROCESSSOS DE APRENDIZAGEM";"5757705";"ALESSANDRO AUGUSTO DE BARROS FACANHA";"ATIVO";"MESTRADO";"";"Presencial";"Ciências Sociais Aplicadas";"Regular";"CAICÓ";"";"32980";"PROGRAMA DE PÓS-GRADUAÇÃO EM METODOLOGIAS DE ENSINO E PROCESSOS DE APRENDIZAGEM";"";"Portaria MEC nº 214, de 20/03/2025. DOU nº 55, de 21/03/2025. Seção 1. Página 28";"3"
"95868917";"MESTRADO EM MÚSICA";"5762683";"MARIO ANDRE WANDERLEY OLIVEIRA";"ATIVO";"MESTRADO";"";"Presencial";"Lingüística, Letras e Artes";"Anual";"NATAL";"";"7261";"PROGRAMA DE PÓS-GRADUAÇÃO EM MÚSICA";"";"Portaria MEC nº 609, de 14/03/2019. DOU nº 52, de 18/03/2019. Seção 1. Página 63";"4"
"17565630";"MESTRADO EM NEUROCIÊNCIAS";"5760429";"DANIEL YASUMASA TAKAHASHI";"ATIVO";"MESTRADO";"";"Presencial";"Ciências Biológicas";"Regular";"NATAL";"";"5207";"PROGRAMA DE PÓS-GRADUAÇÃO EM NEUROCIÊNCIAS";"";"Portaria MEC nº 609, de 14/03/2019. DOU nº 52, de 18/03/2019. Seção 1. Página 63";"5"
"103197769";"MESTRADO EM NUTRIÇÃO";"5752993";"KARLA DANIELLY DA SILVA RIBEIRO RODRIGUES";"ATIVO";"MESTRADO";"";"Presencial";"Ciências da Saúde";"Regular";"NATAL";"";"8191";"PROGRAMA DE PÓS-GRADUAÇÃO EM NUTRIÇÃO";"";"Portaria MEC nº 609, de 14/03/2019. DOU nº 52, de 18/03/2019. Seção 1. Página 63";"4"
"315733";"MESTRADO EM PATOLOGIA ORAL";"";"";"EXTINTO";"MESTRADO";"";"Presencial";"Ciências da Saúde";"Regular";"NATAL";"";"1760";"PROGRAMA DE PÓS-GRADUAÇÃO EM PATOLOGIA ORAL";"";"";""
"9300590";"MESTRADO EM PRODUÇÃO ANIMAL";"5761584";"JOAO VIRGINIO EMERENCIANO NETO";"ATIVO";"MESTRADO";"";"Presencial";"Ciências Agrárias";"Regular";"NATAL";"";"4848";"PROGRAMA DE PÓS-GRADUAÇÃO EM PRODUÇÃO ANIMAL";"";"Portaria MEC nº 609, de 14/03/2019. DOU nº 52, de 18/03/2019. Seção 1. Página 63";"3"
"315735";"MESTRADO EM PSICOBIOLOGIA";"5758434";"FELIPE NALON CASTRO";"ATIVO";"MESTRADO";"";"Presencial";"Ciências Biológicas";"Regular";"NATAL";"";"367";"PROGRAMA DE PÓS-GRADUAÇÃO EM PSICOBIOLOGIA";"";"Portaria MEC nº 609, de 14/03/2019. DOU nº 52, de 18/03/2019. Seção 1. Página 63";"6"
"315737";"MESTRADO EM PSICOLOGIA";"5758439";"FELLIPE COELHO LIMA";"ATIVO";"MESTRADO";"";"Presencial";"Ciências Humanas";"Regular";"NATAL";"";"64";"PROGRAMA DE PÓS-GRADUAÇÃO EM PSICOLOGIA";"";"Portaria MEC nº 609, de 14/03/2019. DOU nº 52, de 18/03/2019. Seção 1. Página 63";"5"
"315739";"MESTRADO EM QUÍMICA";"5752770";"RENATA MENDONÇA ARAUJO";"ATIVO";"MESTRADO";"";"Presencial";"Ciências Exatas e da Terra";"Regular";"NATAL";"";"85";"PROGRAMA DE PÓS-GRADUAÇÃO EM QUÍMICA";"";"Portaria MEC nº 609, de 14/03/2019. DOU nº 52, de 18/03/2019. Seção 1. Página 63";"6"
"84739860";"MESTRADO EM SAÚDE COLETIVA";"5752713";"LUIZ ROBERTO AUGUSTO NORO";"ATIVO";"MESTRADO";"";"Presencial";"Ciências da Saúde";"Anual";"NATAL";"";"5670";"PROGRAMA DE PÓS-GRADUAÇÃO EM SAÚDE COLETIVA";"";"Portaria MEC nº 609, de 14/03/2019. DOU nº 52, de 18/03/2019. Seção 1. Página 63";"5"
"115830568";"MESTRADO EM SAÚDE COLETIVA - FACISA";"5758253";"ISABELLE RIBEIRO BARBOSA MIRABAL";"ATIVO";"MESTRADO";"";"Presencial";"Ciências da Saúde";"Regular";"SANTA CRUZ";"";"9816";"PROGRAMA DE PÓS-GRADUAÇÃO EM SAÚDE COLETIVA - FACISA";"";"Portaria MEC nº 609, de 14/03/2019. DOU nº 52, de 18/03/2019. Seção 1. Página 63";"4"
"315741";"MESTRADO EM SERVIÇO SOCIAL";"34210";"ROBERTO MARINHO ALVES DA SILVA";"ATIVO";"MESTRADO";"";"Presencial";"Ciências Sociais Aplicadas";"Regular";"NATAL";"";"376";"PROGRAMA DE PÓS-GRADUAÇÃO EM SERVIÇO SOCIAL";"";"Portaria MEC nº 609, de 14/03/2019. DOU nº 52, de 18/03/2019. Seção 1. Página 63";"4"
"315742";"MESTRADO EM SISTEMAS E COMPUTAÇÃO";"5758443";"EVERTON RANIELLY DE SOUSA CAVALCANTE";"ATIVO";"MESTRADO";"";"Presencial";"Ciências Exatas e da Terra";"Regular";"NATAL";"";"73";"PROGRAMA DE PÓS-GRADUAÇÃO EM SISTEMAS E COMPUTAÇÃO";"";"Portaria MEC nº 609, de 14/03/2019. DOU nº 52, de 18/03/2019. Seção 1. Página 63";"5"
"50839645";"MESTRADO EM SISTEMÁTICA E EVOLUÇÃO";"5753056";"LEONARDO DE MELO VERSIEUX";"ATIVO";"MESTRADO";"";"Presencial";"Ciências Biológicas";"Regular";"NATAL";"";"5579";"PROGRAMA DE PÓS-GRADUAÇÃO EM SISTEMÁTICA E EVOLUÇÃO";"";"Portaria MEC nº 609, de 14/03/2019. DOU nº 52, de 18/03/2019. Seção 1. Página 63";"5"
"507421";"MESTRADO EM TURISMO";"5759399";"RICARDO LANZARINI GOMES SILVA";"ATIVO";"MESTRADO";"";"Presencial";"Ciências Sociais Aplicadas";"Regular";"NATAL";"";"4295";"PROGRAMA DE PÓS-GRADUAÇÃO EM TURISMO";"";"Portaria MEC nº 609, de 14/03/2019. DOU nº 52, de 18/03/2019. Seção 1. Página 63";"5"
"174097013";"MESTRADO PROFISSIONAL EM ADMINISTRAÇÃO PÚBLICA EM REDE NACIONAL";"5763461";"FRANCISCO IGO LEITE SOARES";"ATIVO";"MESTRADO";"";"Presencial";"Ciências Sociais Aplicadas";"Regular";"CURRAIS NOVOS";"";"32782";"PROGRAMA DE PÓS GRADUAÇÃO EM ADMINISTRAÇÃO PÚBLICA EM REDE NACIONAL - PROFIAP";"";"";""
"91477182";"MESTRADO PROFISSIONAL EM ARQUITETURA, PROJETO E MEIO AMBIENTE";"24346";"MAISA FERNANDES DUTRA VELOSO";"ATIVO";"MESTRADO";"";"Presencial";"Ciências Sociais Aplicadas";"Regular";"NATAL";"";"6967";"PROGRAMA DE PÓS-GRADUAÇÃO EM ARQUITETURA, PROJETO E MEIO AMBIENTE";"";"Portaria MEC nº 609, de 14/03/2019. DOU nº 52, de 18/03/2019. Seção 1. Página 63";"5"
"106146377";"MESTRADO PROFISSIONAL EM ARTES - PROFARTES";"5756840";"RENATA VIANA DE BARROS THOME";"ATIVO";"MESTRADO";"";"Presencial";"Lingüística, Letras e Artes";"Regular";"NATAL";"";"8871";"PROGRAMA DE PÓS-GRADUAÇÃO EM ARTES - REDE NACIONAL";"";"Portaria MEC n.º 609, de 14/03/2019. Publicada no DOU n.º 52, de 18/03/2019, Seção 1, pág. 63";"4"
"108846991";"MESTRADO PROFISSIONAL EM CIÊNCIA, TECNOLOGIA E INOVAÇÃO";"5752720";"LUCIANA DE FIGUEIREDO LOPES LUCENA";"ATIVO";"MESTRADO";"";"Presencial";"Outra";"Regular";"NATAL";"";"9109";"PROGRAMA DE PÓS-GRADUAÇÃO EM CIÊNCIA, TECNOLOGIA E INOVAÇÃO";"";"Portaria MEC nº 609, de 14/03/2019. DOU nº 52, de 18/03/2019. Seção 1. Página 63";"3"
"91346221";"MESTRADO PROFISSIONAL EM DESIGN";"";"";"EXTINTO";"MESTRADO";"";"Presencial";"Lingüística, Letras e Artes";"Regular";"NATAL";"";"6968";"PROGRAMA DE PÓS-GRADUAÇÃO EM DESIGN";"";"Portaria MEC nº 609, de 14/03/2019. DOU nº 52, de 18/03/2019. Seção 1. Página 63";"3"
"140178590";"MESTRADO PROFISSIONAL EM EDUCAÇÃO ESPECIAL";"5758461";"FLAVIA ROLDAN VIANA";"ATIVO";"MESTRADO";"";"Presencial";"Ciências Humanas";"Regular";"NATAL";"";"30546";"PROGRAMA DE PÓS-GRADUAÇÃO EM EDUCAÇÃO ESPECIAL";"";"Portaria MEC nº 540, de 15/06/2020. DOU nº 114, de 17/06/2020. Seção 1, Página 57";"3"
"117880399";"MESTRADO PROFISSIONAL EM EDUCAÇÃO FÍSICA EM REDE NACIONAL";"5761640";"RUBIANE GIOVANI FONSECA";"ATIVO";"MESTRADO";"";"Presencial";"Ciências da Saúde";"Regular";"NATAL";"";"10050";"PROGRAMA DE PÓS-GRADUAÇÃO EM EDUCAÇÃO FÍSICA EM REDE NACIONAL";"";"Portaria MEC nº 609, de 14/03/2019. DOU nº 52, de 18/03/2019. Seção 1. Página 63";"3"
"119342264";"MESTRADO PROFISSIONAL EM EDUCAÇÃO, TRABALHO E INOVAÇÃO EM MEDICINA";"5760134";"MARCELO VIANA DA COSTA";"ATIVO";"MESTRADO";"";"Presencial";"Ciências da Saúde";"Regular";"CAICÓ";"";"10129";"PROGRAMA DE PÓS-GRADUAÇÃO EM EDUCAÇÃO, TRABALHO E INOVAÇÃO EM MEDICINA";"";"Portaria MEC nº 242, de 10/02/2017. DOU nº 35, de 17/02/2017. Seção 1. Página 208";"3"
"96067713";"MESTRADO PROFISSIONAL EM ENERGIA ELÉTRICA";"5758000";"MAX CHIANCA PIMENTEL FILHO";"ATIVO";"MESTRADO";"";"Presencial";"Engenharias";"Regular";"NATAL";"";"7268";"PROGRAMA DE PÓS-GRADUAÇÃO EM ENERGIA ELÉTRICA";"";"Portaria MEC nº 609, de 14/03/2019. DOU nº 52, de 18/03/2019. Seção 1. Página 63";"3"
"315756";"MESTRADO PROFISSIONAL EM ENSINO DE CIÊNCIAS NATURAIS E MATEMÁTICA";"5752025";"GIULIANNA PAIVA VIANA DE ANDRADE SOUZA";"ATIVO";"MESTRADO";"";"Presencial";"Ciências Exatas e da Terra";"Regular";"NATAL";"";"134";"PROGRAMA DE PÓS-GRADUAÇÃO EM ENSINO DE CIÊNCIAS NATURAIS E MATEMÁTICA";"";"Portaria MEC nº 609, de 14/03/2019. DOU nº 52, de 18/03/2019. Seção 1. Página 63";"4"
"114941932";"MESTRADO PROFISSIONAL EM ENSINO DE FÍSICA EM REDE NACIONAL";"5756823";"JEFFERSON SOARES DA COSTA";"ATIVO";"MESTRADO";"";"Presencial";"Ciências Exatas e da Terra";"Regular";"NATAL";"";"9742";"PROGRAMA DE PÓS-GRADUAÇÃO EM ENSINO DE FÍSICA - REDE NACIONAL";"";"Portaria MEC nº 609, de 14/03/2019. DOU nº 52, de 18/03/2019. Seção 1. Página 63";"5"
"113759737";"MESTRADO PROFISSIONAL EM ENSINO DE HISTÓRIA - PROFHISTORIA";"22163";"RAIMUNDO NONATO ARAUJO DA ROCHA";"ATIVO";"MESTRADO";"";"Presencial";"Ciências Humanas";"Regular";"NATAL";"";"9395";"PROGRAMA DE PÓS-GRADUAÇÃO EM ENSINO DE HISTÓRIA - REDE NACIONAL";"";"Portaria MEC nº 609, de 14/03/2019. DOU nº 52, de 18/03/2019. Seção 1. Página 63";"5"
"96067701";"MESTRADO PROFISSIONAL EM ENSINO NA SAÚDE";"64106";"ROSIANE VIANA ZUZA DINIZ";"ATIVO";"MESTRADO";"";"Presencial";"Ciências da Saúde";"Regular";"NATAL";"";"7267";"PROGRAMA DE PÓS-GRADUAÇÃO EM ENSINO NA SAÚDE";"";"Portaria MEC nº 609, de 14/03/2019. DOU nº 52, de 18/03/2019. Seção 1. Página 63";"4"
"108847073";"MESTRADO PROFISSIONAL EM GEOGRAFIA";"5758463";"Pablo Sebastian Moreira Fernandez";"ATIVO";"MESTRADO";"";"Presencial";"Ciências Humanas";"Regular";"CAICÓ";"";"9110";"PROGRAMA DE PÓS-GRADUAÇÃO EM GEOGRAFIA - GEOPROF - CERES";"";"Portaria MEC nº 609, de 14/03/2019. DOU nº 52, de 18/03/2019. Seção 1. Página 63";"4"
"113140463";"MESTRADO PROFISSIONAL EM GESTÃO DA INFORMAÇÃO E DO CONHECIMENTO";"";"";"ATIVO";"MESTRADO";"";"Presencial";"Ciências Sociais Aplicadas";"Regular";"NATAL";"";"9196";"PROGRAMA DE PÓS-GRADUAÇÃO EM GESTÃO DA INFORMAÇÃO E DO CONHECIMENTO";"";"";""
"155194753";"MESTRADO PROFISSIONAL EM GESTÃO DA INFORMAÇÃO E DO CONHECIMENTO";"5759412";"GABRIELLE FRANCINNE DE SOUZA CARVALHO TANUS";"SUSPENSO";"MESTRADO";"";"Presencial";"Ciências Sociais Aplicadas";"Regular";"NATAL";"";"1617";"PROGRAMA DE PÓS-GRADUAÇÃO EM GESTÃO DA INFORMAÇÃO E DO CONHECIMENTO - PPGIC";"";"Portaria MEC nº 609, de 14/03/2019. DOU nº 52, de 18/03/2019. Seção 1. Página 63";"4"
"101050603";"MESTRADO PROFISSIONAL EM GESTÃO DA QUALIDADE EM SERVIÇOS DE SAÚDE";"5752023";"THAIZA TEIXEIRA XAVIER NOBRE";"ATIVO";"MESTRADO";"";"Semi-Presencial";"Ciências da Saúde";"Regular";"NATAL";"";"8084";"PROGRAMA DE PÓS-GRADUAÇÃO EM GESTÃO DA QUALIDADE EM SERVIÇOS DE SAÚDE";"";"Portaria MEC nº 609, de 14/03/2019. DOU nº 52, de 18/03/2019. Seção 1. Página 63";"4"
"97339504";"MESTRADO PROFISSIONAL EM GESTÃO DE PROCESSOS INSTITUCIONAIS";"24348";"YANKO MARCIUS DE ALENCAR XAVIER";"ATIVO";"MESTRADO";"";"Presencial";"Ciências Humanas";"Regular";"NATAL";"";"7513";"PROGRAMA DE PÓS-GRADUAÇÃO EM GESTÃO DE PROCESSOS INSTITUCIONAIS";"";"Portaria MEC nº 609, de 14/03/2019. DOU nº 52, de 18/03/2019. Seção 1. Página 63";"4"
"121508483";"MESTRADO PROFISSIONAL EM GESTÃO E INOVAÇÃO EM SAÚDE";"5761054";"HELENI AIRES CLEMENTE";"ATIVO";"MESTRADO";"";"Presencial";"Ciências da Saúde";"Regular";"NATAL";"";"10482";"PROGRAMA DE PÓS-GRADUAÇÃO EM GESTÃO E INOVAÇÃO EM SAÚDE";"";"Portaria MEC nº 1338, de 20/10/2017. DOU nº 203, de 21/10/2017. Seção 1. Página 125";"4"
"84798578";"MESTRADO PROFISSIONAL EM GESTÃO PÚBLICA";"5756275";"THIAGO FERREIRA DIAS";"ATIVO";"MESTRADO";"";"Presencial";"Ciências Sociais Aplicadas";"Regular";"NATAL";"";"5679";"PROGRAMA DE PÓS-GRADUAÇÃO EM GESTÃO PÚBLICA";"";"Portaria MEC nº 609, de 14/03/2019. DOU nº 52, de 18/03/2019. Seção 1. Página 63";"4"
"133255820";"MESTRADO PROFISSIONAL EM GESTÃO, TRABALHO, EDUCAÇÃO E SAÚDE";"5756406";"DYEGO LEANDRO BEZERRA DE SOUZA";"ATIVO";"MESTRADO";"";"Presencial";"Ciências da Saúde";"Regular";"NATAL";"";"11656";"PROGRAMA DE PÓS-GRADUAÇÃO EM GESTÃO, TRABALHO, EDUCAÇÃO E SAÚDE";"";"Portaria MEC. Publicada no Diário Oficial da União n.º 219, de 12/11/2019, seção 1, pág. 340";"3"
"121508460";"MESTRADO PROFISSIONAL EM INOVAÇÃO EM TECNOLOGIAS EDUCACIONAIS";"5757088";"DENNYS LEITE MAIA";"ATIVO";"MESTRADO";"";"Presencial";"Outra";"Regular";"NATAL";"";"10481";"PROGRAMA DE PÓS-GRADUAÇÃO EM INOVAÇÃO EM TECNOLOGIAS EDUCACIONAIS";"";"Portaria MEC nº 816, de 04/07/2017. DOU nº 127, de 05/07/2017. Seção 1. Página 8";"4"
"98199604";"MESTRADO PROFISSIONAL EM LETRAS";"5752217";"ANA MARIA DE OLIVEIRA PAZ";"ATIVO";"MESTRADO";"";"Presencial";"Lingüística, Letras e Artes";"Regular";"CURRAIS NOVOS";"";"7763";"PROGRAMA DE PÓS-GRADUAÇÃO EM LETRAS - PROFLETRAS CURRAIS NOVOS";"";"Portaria MEC nº 609, de 14/03/2019. DOU nº 52, de 18/03/2019. Seção 1. Página 63";"4"
"98200045";"MESTRADO PROFISSIONAL EM LETRAS";"5762717";"ALANA DRIZIÊ GONZATTI DOS SANTOS";"ATIVO";"MESTRADO";"";"Presencial";"Lingüística, Letras e Artes";"Regular";"NATAL";"";"7762";"PROGRAMA DE PÓS-GRADUAÇÃO EM LETRAS - PROFLETRAS NATAL";"";"Portaria MEC nº 609, de 14/03/2019. DOU nº 52, de 18/03/2019. Seção 1. Página 63";"4"
"84739892";"MESTRADO PROFISSIONAL EM MATEMÁTICA EM REDE NACIONAL";"25966";"VIVIANE SIMIOLI MEDEIROS CAMPOS";"ATIVO";"MESTRADO";"";"Presencial";"Ciências Exatas e da Terra";"Regular";"NATAL";"";"5671";"PROGRAMA DE PÓS-GRADUAÇÃO EM MATEMÁTICA - REDE NACIONAL";"";"Portaria MEC nº 609, de 14/03/2019. DOU nº 52, de 18/03/2019. Seção 1. Página 63";"5"
"121875454";"MESTRADO PROFISSIONAL EM PRÁTICAS DE SAÚDE E EDUCAÇÃO";"5752880";"FLAVIO CESAR BEZERRA DA SILVA";"ATIVO";"MESTRADO";"";"Presencial";"Ciências da Saúde";"Semestral";"NATAL";"";"10489";"PROGRAMA DE PÓS-GRADUAÇÃO EM SAÚDE E SOCIEDADE";"";"Portaria MEC nº 1359, de 18/12/2018. DOU nº 243, de 19/12/2018. Seção 1. Página 46";"3"
"114310260";"MESTRADO PROFISSIONAL EM QUÍMICA - PROFQUI";"5751854";"ANA CRISTINA FACUNDO DE BRITO PONTES";"ATIVO";"MESTRADO";"";"Semi-Presencial";"Ciências Exatas e da Terra";"Anual";"NATAL";"";"9493";"PROGRAMA DE PÓS-GRADUAÇÃO EM QUÍMICA - REDE NACIONAL";"";"Portaria MEC nº 609, de 14/03/2019. DOU nº 52, de 18/03/2019. Seção 1. Página 63";"4"
"88211810";"MESTRADO PROFISSIONAL EM SAÚDE DA FAMÍLIA";"130617";"PAULA FERNANDA BRANDAO BATISTA DOS SANTOS";"ATIVO";"MESTRADO";"";"Presencial";"Ciências da Saúde";"Regular";"NATAL";"";"6135";"PROGRAMA DE PÓS-GRADUAÇÃO EM SAÚDE DA FAMÍLIA NO NORDESTE";"";"Portaria MEC nº 609, de 14/03/2019. DOU nº 52, de 18/03/2019. Seção 1. Página 63";"4"
"100181629";"MESTRADO PROFISSIONAL EM TECNOLOGIA DA INFORMAÇÃO";"5754613";"FREDERICO ARAUJO DA SILVA LOPES";"ATIVO";"MESTRADO";"";"Presencial";"Engenharias";"Regular";"NATAL";"";"7872";"PROGRAMA DE PÓS-GRADUAÇÃO EM TECNOLOGIA DA INFORMAÇÃO";"";"Portaria MEC nº 609, de 14/03/2019. DOU nº 52, de 18/03/2019. Seção 1. Página 63";"4"
"134682488";"PRINT/UFRN";"";"";"ATIVO";"DOUTORADO";"";"Presencial";"Outra";"Regular";"NATAL";"";"30040";"PRÓ-REITORIA DE PÓS-GRADUAÇÃO - PRINT";"";"";""
"133081614";"PROFLETRAS COORDENAÇÃO NACIONAL";"22792";"MARIA DA PENHA CASADO ALVES";"ATIVO";"MESTRADO";"";"Presencial";"Lingüística, Letras e Artes";"Regular";"NATAL";"";"11619";"PROFLETRAS - COORDENAÇÃO NACIONAL - MESTRADO";"";"";""
"904141";"PROJETO 1";"";"";"ATIVO";"LATO SENSU";"";"Presencial";"";"";"NATAL";"";"144";"DEPARTAMENTO DE ANTROPOLOGIA";"";"";""
"90609271";"PRÓ-REITORIA DE PÓS-GRADUAÇÃO";"";"";"ATIVO";"MESTRADO";"";"Presencial";"Outra";"Regular";"NATAL";"";"1483";"PRÓ-REITORIA DE PÓS GRADUAÇÃO";"";"";""
"906781";"V CURSO DE ESPECIALIZAÇÃO EM SAÚDE DA FAMILIA";"";"";"ATIVO";"LATO SENSU";"";"Presencial";"";"";"NATAL";"";"193";"DEPARTAMENTO DE PEDIATRIA";"";"";""
